,Estado,Celular,Televisão por assinatura,Acesso a internet no próprio domicílio,Acesso a internet por 3g ou 4g,Acesso por banda larga,Renda
91664,São Paulo,Sim,Sim,Sim,Sim,Sim,Renda abaixo de R$1000
91715,São Paulo,Sim,Sim,Sim,Sim,Sim,Entre 1000 e 3000 reais
91733,São Paulo,Sim,Sim,Sim,Sim,Sim,Entre 3000 e 20000 reais
91748,São Paulo,Sim,Sim,Sim,Sim,Sim,Entre 1000 e 3000 reais
91750,São Paulo,Sim,Sim,Sim,Sim,Sim,Renda abaixo de R$1000
91774,São Paulo,Sim,Sim,Sim,Sim,Sim,Entre 3000 e 20000 reais
91808,São Paulo,Sim,Sim,Sim,Sim,Sim,Entre 1000 e 3000 reais
91810,São Paulo,Sim,Sim,Sim,Sim,Sim,Entre 3000 e 20000 reais
91814,São Paulo,Sim,Sim,Sim,Sim,Sim,Entre 3000 e 20000 reais
91820,São Paulo,Sim,Sim,Sim,Sim,Sim,Entre 1000 e 3000 reais
91824,São Paulo,Sim,Sim,Sim,Sim,Sim,Entre 3000 e 20000 reais
91853,São Paulo,Sim,Sim,Sim,Sim,Sim,Entre 1000 e 3000 reais
91856,São Paulo,Sim,Sim,Sim,Sim,Sim,Entre 1000 e 3000 reais
91860,São Paulo,Sim,Sim,Sim,Sim,Sim,Entre 3000 e 20000 reais
91861,São Paulo,Sim,Sim,Sim,Sim,Sim,Renda abaixo de R$1000
91863,São Paulo,Sim,Sim,Sim,Sim,Sim,Entre 1000 e 3000 reais
91866,São Paulo,Sim,Sim,Sim,Sim,Sim,Entre 3000 e 20000 reais
91874,São Paulo,Sim,Sim,Sim,Sim,Sim,Entre 3000 e 20000 reais
91875,São Paulo,Sim,Sim,Sim,Sim,Sim,Entre 1000 e 3000 reais
91876,São Paulo,Sim,Sim,Sim,Sim,Sim,Entre 1000 e 3000 reais
91883,São Paulo,Sim,Sim,Sim,Sim,Sim,Entre 1000 e 3000 reais
91888,São Paulo,Sim,Sim,Sim,Sim,Sim,Renda abaixo de R$1000
91891,São Paulo,Sim,Sim,Sim,Sim,Sim,Entre 1000 e 3000 reais
91892,São Paulo,Sim,Sim,Sim,Sim,Sim,Entre 1000 e 3000 reais
91896,São Paulo,Sim,Sim,Sim,Sim,Sim,Entre 1000 e 3000 reais
91905,São Paulo,Sim,Sim,Sim,Sim,Sim,Entre 1000 e 3000 reais
91910,São Paulo,Sim,Sim,Sim,Sim,Sim,Entre 1000 e 3000 reais
91911,São Paulo,Sim,Sim,Sim,Sim,Sim,Entre 3000 e 20000 reais
91916,São Paulo,Sim,Sim,Sim,Sim,Sim,Renda abaixo de R$1000
91918,São Paulo,Sim,Sim,Sim,Sim,Sim,Entre 1000 e 3000 reais
91920,São Paulo,Sim,Sim,Sim,Sim,Sim,Entre 1000 e 3000 reais
91923,São Paulo,Sim,Sim,Sim,Sim,Sim,Entre 1000 e 3000 reais
92086,São Paulo,Sim,Sim,Sim,Sim,Sim,Entre 3000 e 20000 reais
92100,São Paulo,Sim,Sim,Sim,Sim,Sim,Entre 1000 e 3000 reais
92113,São Paulo,Sim,Sim,Sim,Sim,Sim,Renda abaixo de R$1000
92130,São Paulo,Sim,Sim,Sim,Sim,Sim,Renda abaixo de R$1000
92139,São Paulo,Sim,Sim,Sim,Sim,Sim,Renda abaixo de R$1000
92143,São Paulo,Sim,Sim,Sim,Sim,Sim,Entre 1000 e 3000 reais
92173,São Paulo,Sim,Sim,Sim,Sim,Sim,Entre 1000 e 3000 reais
92193,São Paulo,Sim,Sim,Sim,Sim,Sim,Entre 1000 e 3000 reais
92200,São Paulo,Sim,Sim,Sim,Sim,Sim,Renda abaixo de R$1000
92220,São Paulo,Sim,Sim,Sim,Sim,Sim,Entre 1000 e 3000 reais
92221,São Paulo,Sim,Sim,Sim,Sim,Sim,Entre 1000 e 3000 reais
92224,São Paulo,Sim,Sim,Sim,Sim,Sim,Renda abaixo de R$1000
92231,São Paulo,Sim,Sim,Sim,Sim,Sim,Entre 1000 e 3000 reais
92238,São Paulo,Sim,Sim,Sim,Sim,Sim,Renda abaixo de R$1000
92283,São Paulo,Sim,Sim,Sim,Sim,Sim,Entre 1000 e 3000 reais
92325,São Paulo,Sim,Sim,Sim,Sim,Sim,Renda abaixo de R$1000
92328,São Paulo,Sim,Sim,Sim,Sim,Sim,Renda abaixo de R$1000
92385,São Paulo,Sim,Sim,Sim,Sim,Sim,Entre 1000 e 3000 reais
92423,São Paulo,Sim,Sim,Sim,Sim,Sim,Renda abaixo de R$1000
92435,São Paulo,Sim,Sim,Sim,Sim,Sim,Entre 1000 e 3000 reais
92437,São Paulo,Sim,Sim,Sim,Sim,Sim,Entre 3000 e 20000 reais
92445,São Paulo,Sim,Sim,Sim,Sim,Sim,Entre 1000 e 3000 reais
92495,São Paulo,Sim,Sim,Sim,Sim,Sim,Renda abaixo de R$1000
92514,São Paulo,Sim,Sim,Sim,Sim,Sim,Renda abaixo de R$1000
92515,São Paulo,Sim,Sim,Sim,Sim,Sim,Entre 1000 e 3000 reais
92517,São Paulo,Sim,Sim,Sim,Sim,Sim,Entre 1000 e 3000 reais
92527,São Paulo,Sim,Sim,Sim,Sim,Sim,Entre 3000 e 20000 reais
92531,São Paulo,Sim,Sim,Sim,Sim,Sim,Renda abaixo de R$1000
92537,São Paulo,Sim,Sim,Sim,Sim,Sim,Renda abaixo de R$1000
92544,São Paulo,Sim,Sim,Sim,Sim,Sim,Entre 1000 e 3000 reais
92620,São Paulo,Sim,Sim,Sim,Sim,Sim,Entre 1000 e 3000 reais
92627,São Paulo,Sim,Sim,Sim,Sim,Sim,Entre 1000 e 3000 reais
92632,São Paulo,Sim,Sim,Sim,Sim,Sim,Entre 3000 e 20000 reais
92633,São Paulo,Sim,Sim,Sim,Sim,Sim,Entre 3000 e 20000 reais
92634,São Paulo,Sim,Sim,Sim,Sim,Sim,Entre 3000 e 20000 reais
92642,São Paulo,Sim,Sim,Sim,Sim,Sim,Entre 3000 e 20000 reais
92643,São Paulo,Sim,Sim,Sim,Sim,Sim,Entre 1000 e 3000 reais
92648,São Paulo,Sim,Sim,Sim,Sim,Sim,Entre 1000 e 3000 reais
92664,São Paulo,Sim,Sim,Sim,Sim,Sim,Entre 1000 e 3000 reais
92666,São Paulo,Sim,Sim,Sim,Sim,Sim,Entre 1000 e 3000 reais
92697,São Paulo,Sim,Sim,Sim,Sim,Sim,Entre 1000 e 3000 reais
92704,São Paulo,Sim,Sim,Sim,Sim,Sim,Renda abaixo de R$1000
92720,São Paulo,Sim,Sim,Sim,Sim,Sim,Entre 3000 e 20000 reais
92727,São Paulo,Sim,Sim,Sim,Sim,Sim,Entre 1000 e 3000 reais
92729,São Paulo,Sim,Sim,Sim,Sim,Sim,Renda abaixo de R$1000
92765,São Paulo,Sim,Sim,Sim,Sim,Sim,Renda abaixo de R$1000
92804,São Paulo,Sim,Sim,Sim,Sim,Sim,Entre 1000 e 3000 reais
92805,São Paulo,Sim,Sim,Sim,Sim,Sim,Entre 3000 e 20000 reais
92806,São Paulo,Sim,Sim,Sim,Sim,Sim,Entre 3000 e 20000 reais
92812,São Paulo,Sim,Sim,Sim,Sim,Sim,Entre 3000 e 20000 reais
92814,São Paulo,Sim,Sim,Sim,Sim,Sim,Entre 1000 e 3000 reais
92816,São Paulo,Sim,Sim,Sim,Sim,Sim,Renda abaixo de R$1000
92818,São Paulo,Sim,Sim,Sim,Sim,Sim,Entre 1000 e 3000 reais
92821,São Paulo,Sim,Sim,Sim,Sim,Sim,Entre 3000 e 20000 reais
92822,São Paulo,Sim,Sim,Sim,Sim,Sim,Entre 3000 e 20000 reais
92825,São Paulo,Sim,Sim,Sim,Sim,Sim,Entre 3000 e 20000 reais
92826,São Paulo,Sim,Sim,Sim,Sim,Sim,Entre 3000 e 20000 reais
92828,São Paulo,Sim,Sim,Sim,Sim,Sim,Entre 3000 e 20000 reais
92834,São Paulo,Sim,Sim,Sim,Sim,Sim,Renda abaixo de R$1000
92842,São Paulo,Sim,Sim,Sim,Sim,Sim,Entre 1000 e 3000 reais
92844,São Paulo,Sim,Sim,Sim,Sim,Sim,Entre 3000 e 20000 reais
92854,São Paulo,Sim,Sim,Sim,Sim,Sim,Entre 1000 e 3000 reais
92858,São Paulo,Sim,Sim,Sim,Sim,Sim,Entre 1000 e 3000 reais
92860,São Paulo,Sim,Sim,Sim,Sim,Sim,Entre 1000 e 3000 reais
92864,São Paulo,Sim,Sim,Sim,Sim,Sim,Entre 3000 e 20000 reais
92880,São Paulo,Sim,Sim,Sim,Sim,Sim,Entre 3000 e 20000 reais
92893,São Paulo,Sim,Sim,Sim,Sim,Sim,Renda abaixo de R$1000
92897,São Paulo,Sim,Sim,Sim,Sim,Sim,Entre 1000 e 3000 reais
92898,São Paulo,Sim,Sim,Sim,Sim,Sim,Entre 1000 e 3000 reais
92900,São Paulo,Sim,Sim,Sim,Sim,Sim,Entre 3000 e 20000 reais
92902,São Paulo,Sim,Sim,Sim,Sim,Sim,Entre 1000 e 3000 reais
92908,São Paulo,Sim,Sim,Sim,Sim,Sim,Entre 1000 e 3000 reais
92928,São Paulo,Sim,Sim,Sim,Sim,Sim,Entre 1000 e 3000 reais
92929,São Paulo,Sim,Sim,Sim,Sim,Sim,Renda abaixo de R$1000
92933,São Paulo,Sim,Sim,Sim,Sim,Sim,Entre 1000 e 3000 reais
92935,São Paulo,Sim,Sim,Sim,Sim,Sim,Entre 1000 e 3000 reais
92936,São Paulo,Sim,Sim,Sim,Sim,Sim,Entre 1000 e 3000 reais
92937,São Paulo,Sim,Sim,Sim,Sim,Sim,Entre 1000 e 3000 reais
92943,São Paulo,Sim,Sim,Sim,Sim,Sim,Renda abaixo de R$1000
92946,São Paulo,Sim,Sim,Sim,Sim,Sim,Entre 1000 e 3000 reais
93019,São Paulo,Sim,Sim,Sim,Sim,Sim,Entre 1000 e 3000 reais
93034,São Paulo,Sim,Sim,Sim,Sim,Sim,Entre 3000 e 20000 reais
93095,São Paulo,Sim,Sim,Sim,Sim,Sim,Renda abaixo de R$1000
93096,São Paulo,Sim,Sim,Sim,Sim,Sim,Entre 1000 e 3000 reais
93105,São Paulo,Sim,Sim,Sim,Sim,Sim,Entre 1000 e 3000 reais
93108,São Paulo,Sim,Sim,Sim,Sim,Sim,Renda abaixo de R$1000
93110,São Paulo,Sim,Sim,Sim,Sim,Sim,Renda abaixo de R$1000
93140,São Paulo,Sim,Sim,Sim,Sim,Sim,Entre 1000 e 3000 reais
93153,São Paulo,Sim,Sim,Sim,Sim,Sim,Entre 1000 e 3000 reais
93157,São Paulo,Sim,Sim,Sim,Sim,Sim,Entre 1000 e 3000 reais
93160,São Paulo,Sim,Sim,Sim,Sim,Sim,Entre 3000 e 20000 reais
93164,São Paulo,Sim,Sim,Sim,Sim,Sim,Entre 1000 e 3000 reais
93165,São Paulo,Sim,Sim,Sim,Sim,Sim,Entre 3000 e 20000 reais
93167,São Paulo,Sim,Sim,Sim,Sim,Sim,Entre 3000 e 20000 reais
93168,São Paulo,Sim,Sim,Sim,Sim,Sim,Entre 3000 e 20000 reais
93172,São Paulo,Sim,Sim,Sim,Sim,Sim,Entre 3000 e 20000 reais
93466,São Paulo,Sim,Sim,Sim,Sim,Sim,Renda abaixo de R$1000
93477,São Paulo,Sim,Sim,Sim,Sim,Sim,Entre 1000 e 3000 reais
93478,São Paulo,Sim,Sim,Sim,Sim,Sim,Renda abaixo de R$1000
93482,São Paulo,Sim,Sim,Sim,Sim,Sim,Entre 1000 e 3000 reais
93486,São Paulo,Sim,Sim,Sim,Sim,Sim,Renda abaixo de R$1000
93513,São Paulo,Sim,Sim,Sim,Sim,Sim,Entre 1000 e 3000 reais
93519,São Paulo,Sim,Sim,Sim,Sim,Sim,Entre 3000 e 20000 reais
93523,São Paulo,Sim,Sim,Sim,Sim,Sim,Renda abaixo de R$1000
93534,São Paulo,Sim,Sim,Sim,Sim,Sim,Renda abaixo de R$1000
93555,São Paulo,Sim,Sim,Sim,Sim,Sim,Entre 1000 e 3000 reais
93607,São Paulo,Sim,Sim,Sim,Sim,Sim,Entre 1000 e 3000 reais
93608,São Paulo,Sim,Sim,Sim,Sim,Sim,Entre 1000 e 3000 reais
93618,São Paulo,Sim,Sim,Sim,Sim,Sim,Entre 1000 e 3000 reais
93629,São Paulo,Sim,Sim,Sim,Sim,Sim,Entre 1000 e 3000 reais
93635,São Paulo,Sim,Sim,Sim,Sim,Sim,Renda abaixo de R$1000
93683,São Paulo,Sim,Sim,Sim,Sim,Sim,Renda abaixo de R$1000
93709,São Paulo,Sim,Sim,Sim,Sim,Sim,Renda abaixo de R$1000
93726,São Paulo,Sim,Sim,Sim,Sim,Sim,Renda abaixo de R$1000
93741,São Paulo,Sim,Sim,Sim,Sim,Sim,Entre 1000 e 3000 reais
93748,São Paulo,Sim,Sim,Sim,Sim,Sim,Entre 3000 e 20000 reais
93751,São Paulo,Sim,Sim,Sim,Sim,Sim,Entre 3000 e 20000 reais
93805,São Paulo,Sim,Sim,Sim,Sim,Sim,Renda abaixo de R$1000
93811,São Paulo,Sim,Sim,Sim,Sim,Sim,Entre 1000 e 3000 reais
93817,São Paulo,Sim,Sim,Sim,Sim,Sim,Entre 1000 e 3000 reais
93827,São Paulo,Sim,Sim,Sim,Sim,Sim,Entre 3000 e 20000 reais
93833,São Paulo,Sim,Sim,Sim,Sim,Sim,Entre 3000 e 20000 reais
93837,São Paulo,Sim,Sim,Sim,Sim,Sim,Entre 1000 e 3000 reais
93839,São Paulo,Sim,Sim,Sim,Sim,Sim,Entre 1000 e 3000 reais
93844,São Paulo,Sim,Sim,Sim,Sim,Sim,Entre 3000 e 20000 reais
93846,São Paulo,Sim,Sim,Sim,Sim,Sim,Renda abaixo de R$1000
93847,São Paulo,Sim,Sim,Sim,Sim,Sim,Entre 3000 e 20000 reais
93864,São Paulo,Sim,Sim,Sim,Sim,Sim,Entre 1000 e 3000 reais
93868,São Paulo,Sim,Sim,Sim,Sim,Sim,Renda abaixo de R$1000
93869,São Paulo,Sim,Sim,Sim,Sim,Sim,Entre 1000 e 3000 reais
93896,São Paulo,Sim,Sim,Sim,Sim,Sim,Renda abaixo de R$1000
93907,São Paulo,Sim,Sim,Sim,Sim,Sim,Entre 1000 e 3000 reais
93934,São Paulo,Sim,Sim,Sim,Sim,Sim,Entre 1000 e 3000 reais
93937,São Paulo,Sim,Sim,Sim,Sim,Sim,Renda abaixo de R$1000
94018,São Paulo,Sim,Sim,Sim,Sim,Sim,Entre 1000 e 3000 reais
94023,São Paulo,Sim,Sim,Sim,Sim,Sim,Entre 3000 e 20000 reais
94039,São Paulo,Sim,Sim,Sim,Sim,Sim,Entre 1000 e 3000 reais
94041,São Paulo,Sim,Sim,Sim,Sim,Sim,Entre 1000 e 3000 reais
94061,São Paulo,Sim,Sim,Sim,Sim,Sim,Entre 1000 e 3000 reais
94062,São Paulo,Sim,Sim,Sim,Sim,Sim,Entre 1000 e 3000 reais
94075,São Paulo,Sim,Sim,Sim,Sim,Sim,Renda abaixo de R$1000
94077,São Paulo,Sim,Sim,Sim,Sim,Sim,Renda abaixo de R$1000
94078,São Paulo,Sim,Sim,Sim,Sim,Sim,Entre 3000 e 20000 reais
94079,São Paulo,Sim,Sim,Sim,Sim,Sim,Entre 1000 e 3000 reais
94080,São Paulo,Sim,Sim,Sim,Sim,Sim,Entre 3000 e 20000 reais
94081,São Paulo,Sim,Sim,Sim,Sim,Sim,Entre 1000 e 3000 reais
94082,São Paulo,Sim,Sim,Sim,Sim,Sim,Entre 1000 e 3000 reais
94084,São Paulo,Sim,Sim,Sim,Sim,Sim,Entre 3000 e 20000 reais
94117,São Paulo,Sim,Sim,Sim,Sim,Sim,Entre 1000 e 3000 reais
94146,São Paulo,Sim,Sim,Sim,Sim,Sim,Entre 1000 e 3000 reais
94148,São Paulo,Sim,Sim,Sim,Sim,Sim,Entre 1000 e 3000 reais
94151,São Paulo,Sim,Sim,Sim,Sim,Sim,Entre 1000 e 3000 reais
94163,São Paulo,Sim,Sim,Sim,Sim,Sim,Renda abaixo de R$1000
94167,São Paulo,Sim,Sim,Sim,Sim,Sim,Entre 1000 e 3000 reais
94323,São Paulo,Sim,Sim,Sim,Sim,Sim,Entre 1000 e 3000 reais
94344,São Paulo,Sim,Sim,Sim,Sim,Sim,Renda abaixo de R$1000
94347,São Paulo,Sim,Sim,Sim,Sim,Sim,Renda abaixo de R$1000
94360,São Paulo,Sim,Sim,Sim,Sim,Sim,Renda abaixo de R$1000
94368,São Paulo,Sim,Sim,Sim,Sim,Sim,Entre 1000 e 3000 reais
94377,São Paulo,Sim,Sim,Sim,Sim,Sim,Renda abaixo de R$1000
94389,São Paulo,Sim,Sim,Sim,Sim,Sim,Renda abaixo de R$1000
94400,São Paulo,Sim,Sim,Sim,Sim,Sim,Renda abaixo de R$1000
94402,São Paulo,Sim,Sim,Sim,Sim,Sim,Renda abaixo de R$1000
94403,São Paulo,Sim,Sim,Sim,Sim,Sim,Entre 1000 e 3000 reais
94425,São Paulo,Sim,Sim,Sim,Sim,Sim,Renda abaixo de R$1000
94442,São Paulo,Sim,Sim,Sim,Sim,Sim,Entre 1000 e 3000 reais
94511,São Paulo,Sim,Sim,Sim,Sim,Sim,Entre 1000 e 3000 reais
94617,São Paulo,Sim,Sim,Sim,Sim,Sim,Renda abaixo de R$1000
94618,São Paulo,Sim,Sim,Sim,Sim,Sim,Renda abaixo de R$1000
94632,São Paulo,Sim,Sim,Sim,Sim,Sim,Entre 1000 e 3000 reais
94639,São Paulo,Sim,Sim,Sim,Sim,Sim,Entre 1000 e 3000 reais
94640,São Paulo,Sim,Sim,Sim,Sim,Sim,Entre 3000 e 20000 reais
94641,São Paulo,Sim,Sim,Sim,Sim,Sim,Renda abaixo de R$1000
94642,São Paulo,Sim,Sim,Sim,Sim,Sim,Entre 1000 e 3000 reais
94647,São Paulo,Sim,Sim,Sim,Sim,Sim,Entre 1000 e 3000 reais
94657,São Paulo,Sim,Sim,Sim,Sim,Sim,Renda abaixo de R$1000
94663,São Paulo,Sim,Sim,Sim,Sim,Sim,Renda abaixo de R$1000
94669,São Paulo,Sim,Sim,Sim,Sim,Sim,Renda abaixo de R$1000
94690,São Paulo,Sim,Sim,Sim,Sim,Sim,Entre 3000 e 20000 reais
94704,São Paulo,Sim,Sim,Sim,Sim,Sim,Renda abaixo de R$1000
94707,São Paulo,Sim,Sim,Sim,Sim,Sim,Renda abaixo de R$1000
94720,São Paulo,Sim,Sim,Sim,Sim,Sim,Renda abaixo de R$1000
94721,São Paulo,Sim,Sim,Sim,Sim,Sim,Renda abaixo de R$1000
94725,São Paulo,Sim,Sim,Sim,Sim,Sim,Entre 3000 e 20000 reais
94731,São Paulo,Sim,Sim,Sim,Sim,Sim,Entre 1000 e 3000 reais
94737,São Paulo,Sim,Sim,Sim,Sim,Sim,Renda abaixo de R$1000
94738,São Paulo,Sim,Sim,Sim,Sim,Sim,Entre 3000 e 20000 reais
94739,São Paulo,Sim,Sim,Sim,Sim,Sim,Renda abaixo de R$1000
94740,São Paulo,Sim,Sim,Sim,Sim,Sim,Renda abaixo de R$1000
94763,São Paulo,Sim,Sim,Sim,Sim,Sim,Entre 1000 e 3000 reais
94816,São Paulo,Sim,Sim,Sim,Sim,Sim,Renda abaixo de R$1000
94818,São Paulo,Sim,Sim,Sim,Sim,Sim,Renda abaixo de R$1000
94865,São Paulo,Sim,Sim,Sim,Sim,Sim,Renda abaixo de R$1000
94877,São Paulo,Sim,Sim,Sim,Sim,Sim,Entre 1000 e 3000 reais
94886,São Paulo,Sim,Sim,Sim,Sim,Sim,Entre 1000 e 3000 reais
94909,São Paulo,Sim,Sim,Sim,Sim,Sim,Entre 1000 e 3000 reais
95026,São Paulo,Sim,Sim,Sim,Sim,Sim,Entre 3000 e 20000 reais
95060,São Paulo,Sim,Sim,Sim,Sim,Sim,Entre 1000 e 3000 reais
95105,São Paulo,Sim,Sim,Sim,Sim,Sim,Renda abaixo de R$1000
95116,São Paulo,Sim,Sim,Sim,Sim,Sim,Entre 1000 e 3000 reais
95175,São Paulo,Sim,Sim,Sim,Sim,Sim,Entre 3000 e 20000 reais
95179,São Paulo,Sim,Sim,Sim,Sim,Sim,Entre 3000 e 20000 reais
95184,São Paulo,Sim,Sim,Sim,Sim,Sim,Entre 1000 e 3000 reais
95185,São Paulo,Sim,Sim,Sim,Sim,Sim,Renda abaixo de R$1000
95186,São Paulo,Sim,Sim,Sim,Sim,Sim,Renda abaixo de R$1000
95191,São Paulo,Sim,Sim,Sim,Sim,Sim,Entre 1000 e 3000 reais
95197,São Paulo,Sim,Sim,Sim,Sim,Sim,Entre 1000 e 3000 reais
95221,São Paulo,Sim,Sim,Sim,Sim,Sim,Entre 1000 e 3000 reais
95279,São Paulo,Sim,Sim,Sim,Sim,Sim,Entre 3000 e 20000 reais
95280,São Paulo,Sim,Sim,Sim,Sim,Sim,Entre 3000 e 20000 reais
95281,São Paulo,Sim,Sim,Sim,Sim,Sim,Entre 1000 e 3000 reais
95285,São Paulo,Sim,Sim,Sim,Sim,Sim,Entre 3000 e 20000 reais
95286,São Paulo,Sim,Sim,Sim,Sim,Sim,Entre 3000 e 20000 reais
95287,São Paulo,Sim,Sim,Sim,Sim,Sim,Entre 3000 e 20000 reais
95291,São Paulo,Sim,Sim,Sim,Sim,Sim,Entre 1000 e 3000 reais
95292,São Paulo,Sim,Sim,Sim,Sim,Sim,Entre 1000 e 3000 reais
95326,São Paulo,Sim,Sim,Sim,Sim,Sim,Entre 1000 e 3000 reais
95363,São Paulo,Sim,Sim,Sim,Sim,Sim,Renda abaixo de R$1000
95489,São Paulo,Sim,Sim,Sim,Sim,Sim,Entre 1000 e 3000 reais
95503,São Paulo,Sim,Sim,Sim,Sim,Sim,Entre 1000 e 3000 reais
95507,São Paulo,Sim,Sim,Sim,Sim,Sim,Entre 1000 e 3000 reais
95511,São Paulo,Sim,Sim,Sim,Sim,Sim,Entre 1000 e 3000 reais
95513,São Paulo,Sim,Sim,Sim,Sim,Sim,Entre 1000 e 3000 reais
95570,São Paulo,Sim,Sim,Sim,Sim,Sim,Renda abaixo de R$1000
95577,São Paulo,Sim,Sim,Sim,Sim,Sim,Renda abaixo de R$1000
95597,São Paulo,Sim,Sim,Sim,Sim,Sim,Entre 1000 e 3000 reais
95632,São Paulo,Sim,Sim,Sim,Sim,Sim,Entre 1000 e 3000 reais
95644,São Paulo,Sim,Sim,Sim,Sim,Sim,Renda abaixo de R$1000
95657,São Paulo,Sim,Sim,Sim,Sim,Sim,Renda abaixo de R$1000
95671,São Paulo,Sim,Sim,Sim,Sim,Sim,Entre 1000 e 3000 reais
95672,São Paulo,Sim,Sim,Sim,Sim,Sim,Entre 1000 e 3000 reais
95678,São Paulo,Sim,Sim,Sim,Sim,Sim,Entre 1000 e 3000 reais
95691,São Paulo,Sim,Sim,Sim,Sim,Sim,Entre 1000 e 3000 reais
95709,São Paulo,Sim,Sim,Sim,Sim,Sim,Entre 3000 e 20000 reais
95713,São Paulo,Sim,Sim,Sim,Sim,Sim,Entre 3000 e 20000 reais
95718,São Paulo,Sim,Sim,Sim,Sim,Sim,Entre 1000 e 3000 reais
95737,São Paulo,Sim,Sim,Sim,Sim,Sim,Entre 1000 e 3000 reais
95738,São Paulo,Sim,Sim,Sim,Sim,Sim,Entre 3000 e 20000 reais
95778,São Paulo,Sim,Sim,Sim,Sim,Sim,Entre 1000 e 3000 reais
95780,São Paulo,Sim,Sim,Sim,Sim,Sim,Entre 1000 e 3000 reais
95782,São Paulo,Sim,Sim,Sim,Sim,Sim,Entre 3000 e 20000 reais
95835,São Paulo,Sim,Sim,Sim,Sim,Sim,Entre 1000 e 3000 reais
95837,São Paulo,Sim,Sim,Sim,Sim,Sim,Entre 3000 e 20000 reais
95945,São Paulo,Sim,Sim,Sim,Sim,Sim,Renda abaixo de R$1000
95975,São Paulo,Sim,Sim,Sim,Sim,Sim,Entre 3000 e 20000 reais
95979,São Paulo,Sim,Sim,Sim,Sim,Sim,Entre 3000 e 20000 reais
96050,São Paulo,Sim,Sim,Sim,Sim,Sim,Renda abaixo de R$1000
96108,São Paulo,Sim,Sim,Sim,Sim,Sim,Renda abaixo de R$1000
96110,São Paulo,Sim,Sim,Sim,Sim,Sim,Renda abaixo de R$1000
96114,São Paulo,Sim,Sim,Sim,Sim,Sim,Renda abaixo de R$1000
96125,São Paulo,Sim,Sim,Sim,Sim,Sim,Renda abaixo de R$1000
96126,São Paulo,Sim,Sim,Sim,Sim,Sim,Renda abaixo de R$1000
96131,São Paulo,Sim,Sim,Sim,Sim,Sim,Renda abaixo de R$1000
96169,São Paulo,Sim,Sim,Sim,Sim,Sim,Entre 1000 e 3000 reais
96204,São Paulo,Sim,Sim,Sim,Sim,Sim,Entre 1000 e 3000 reais
96252,São Paulo,Sim,Sim,Sim,Sim,Sim,Entre 1000 e 3000 reais
96266,São Paulo,Sim,Sim,Sim,Sim,Sim,Renda abaixo de R$1000
96267,São Paulo,Sim,Sim,Sim,Sim,Sim,Renda abaixo de R$1000
96273,São Paulo,Sim,Sim,Sim,Sim,Sim,Renda abaixo de R$1000
96278,São Paulo,Sim,Sim,Sim,Sim,Sim,Entre 1000 e 3000 reais
96280,São Paulo,Sim,Sim,Sim,Sim,Sim,Entre 1000 e 3000 reais
96292,São Paulo,Sim,Sim,Sim,Sim,Sim,Entre 1000 e 3000 reais
96295,São Paulo,Sim,Sim,Sim,Sim,Sim,Renda abaixo de R$1000
96300,São Paulo,Sim,Sim,Sim,Sim,Sim,Renda abaixo de R$1000
96321,São Paulo,Sim,Sim,Sim,Sim,Sim,Entre 1000 e 3000 reais
96329,São Paulo,Sim,Sim,Sim,Sim,Sim,Entre 1000 e 3000 reais
96344,São Paulo,Sim,Sim,Sim,Sim,Sim,Renda abaixo de R$1000
96429,São Paulo,Sim,Sim,Sim,Sim,Sim,Entre 3000 e 20000 reais
96431,São Paulo,Sim,Sim,Sim,Sim,Sim,Entre 1000 e 3000 reais
96438,São Paulo,Sim,Sim,Sim,Sim,Sim,Entre 1000 e 3000 reais
96440,São Paulo,Sim,Sim,Sim,Sim,Sim,Entre 3000 e 20000 reais
96476,São Paulo,Sim,Sim,Sim,Sim,Sim,Renda abaixo de R$1000
96478,São Paulo,Sim,Sim,Sim,Sim,Sim,Entre 1000 e 3000 reais
96539,São Paulo,Sim,Sim,Sim,Sim,Sim,Renda abaixo de R$1000
96550,São Paulo,Sim,Sim,Sim,Sim,Sim,Entre 1000 e 3000 reais
96556,São Paulo,Sim,Sim,Sim,Sim,Sim,Entre 3000 e 20000 reais
96587,São Paulo,Sim,Sim,Sim,Sim,Sim,Renda abaixo de R$1000
96590,São Paulo,Sim,Sim,Sim,Sim,Sim,Entre 1000 e 3000 reais
96595,São Paulo,Sim,Sim,Sim,Sim,Sim,Entre 1000 e 3000 reais
96608,São Paulo,Sim,Sim,Sim,Sim,Sim,Entre 1000 e 3000 reais
96609,São Paulo,Sim,Sim,Sim,Sim,Sim,Renda abaixo de R$1000
96689,São Paulo,Sim,Sim,Sim,Sim,Sim,Entre 1000 e 3000 reais
96715,São Paulo,Sim,Sim,Sim,Sim,Sim,Entre 1000 e 3000 reais
96726,São Paulo,Sim,Sim,Sim,Sim,Sim,Renda abaixo de R$1000
96738,São Paulo,Sim,Sim,Sim,Sim,Sim,Renda abaixo de R$1000
96765,São Paulo,Sim,Sim,Sim,Sim,Sim,Renda abaixo de R$1000
96767,São Paulo,Sim,Sim,Sim,Sim,Sim,Renda abaixo de R$1000
96823,São Paulo,Sim,Sim,Sim,Sim,Sim,Renda abaixo de R$1000
96834,São Paulo,Sim,Sim,Sim,Sim,Sim,Entre 1000 e 3000 reais
96851,São Paulo,Sim,Sim,Sim,Sim,Sim,Entre 1000 e 3000 reais
96866,São Paulo,Sim,Sim,Sim,Sim,Sim,Renda abaixo de R$1000
96868,São Paulo,Sim,Sim,Sim,Sim,Sim,Renda abaixo de R$1000
96869,São Paulo,Sim,Sim,Sim,Sim,Sim,Renda abaixo de R$1000
96944,São Paulo,Sim,Sim,Sim,Sim,Sim,Renda abaixo de R$1000
96967,São Paulo,Sim,Sim,Sim,Sim,Sim,Entre 1000 e 3000 reais
96986,São Paulo,Sim,Sim,Sim,Sim,Sim,Entre 1000 e 3000 reais
96999,São Paulo,Sim,Sim,Sim,Sim,Sim,Renda abaixo de R$1000
97001,São Paulo,Sim,Sim,Sim,Sim,Sim,Renda abaixo de R$1000
97022,São Paulo,Sim,Sim,Sim,Sim,Sim,Entre 1000 e 3000 reais
97035,São Paulo,Sim,Sim,Sim,Sim,Sim,Renda abaixo de R$1000
97049,São Paulo,Sim,Sim,Sim,Sim,Sim,Renda abaixo de R$1000
97050,São Paulo,Sim,Sim,Sim,Sim,Sim,Renda abaixo de R$1000
97056,São Paulo,Sim,Sim,Sim,Sim,Sim,Entre 1000 e 3000 reais
97058,São Paulo,Sim,Sim,Sim,Sim,Sim,Entre 1000 e 3000 reais
97059,São Paulo,Sim,Sim,Sim,Sim,Sim,Entre 1000 e 3000 reais
97064,São Paulo,Sim,Sim,Sim,Sim,Sim,Renda abaixo de R$1000
97087,São Paulo,Sim,Sim,Sim,Sim,Sim,Entre 1000 e 3000 reais
97089,São Paulo,Sim,Sim,Sim,Sim,Sim,Renda abaixo de R$1000
97094,São Paulo,Sim,Sim,Sim,Sim,Sim,Entre 1000 e 3000 reais
97106,São Paulo,Sim,Sim,Sim,Sim,Sim,Entre 3000 e 20000 reais
97109,São Paulo,Sim,Sim,Sim,Sim,Sim,Renda abaixo de R$1000
97114,São Paulo,Sim,Sim,Sim,Sim,Sim,Entre 1000 e 3000 reais
97116,São Paulo,Sim,Sim,Sim,Sim,Sim,Renda abaixo de R$1000
97134,São Paulo,Sim,Sim,Sim,Sim,Sim,Entre 3000 e 20000 reais
97147,São Paulo,Sim,Sim,Sim,Sim,Sim,Entre 3000 e 20000 reais
97154,São Paulo,Sim,Sim,Sim,Sim,Sim,Entre 1000 e 3000 reais
97163,São Paulo,Sim,Sim,Sim,Sim,Sim,Renda abaixo de R$1000
97202,São Paulo,Sim,Sim,Sim,Sim,Sim,Entre 1000 e 3000 reais
97271,São Paulo,Sim,Sim,Sim,Sim,Sim,Renda abaixo de R$1000
97329,São Paulo,Sim,Sim,Sim,Sim,Sim,Entre 1000 e 3000 reais
97331,São Paulo,Sim,Sim,Sim,Sim,Sim,Entre 1000 e 3000 reais
97336,São Paulo,Sim,Sim,Sim,Sim,Sim,Renda abaixo de R$1000
97340,São Paulo,Sim,Sim,Sim,Sim,Sim,Renda abaixo de R$1000
97369,São Paulo,Sim,Sim,Sim,Sim,Sim,Renda abaixo de R$1000
97411,São Paulo,Sim,Sim,Sim,Sim,Sim,Renda abaixo de R$1000
97418,São Paulo,Sim,Sim,Sim,Sim,Sim,Entre 1000 e 3000 reais
97469,São Paulo,Sim,Sim,Sim,Sim,Sim,Renda abaixo de R$1000
97496,São Paulo,Sim,Sim,Sim,Sim,Sim,Renda abaixo de R$1000
97515,São Paulo,Sim,Sim,Sim,Sim,Sim,Renda abaixo de R$1000
97624,São Paulo,Sim,Sim,Sim,Sim,Sim,Entre 1000 e 3000 reais
97632,São Paulo,Sim,Sim,Sim,Sim,Sim,Entre 1000 e 3000 reais
97638,São Paulo,Sim,Sim,Sim,Sim,Sim,Entre 3000 e 20000 reais
97642,São Paulo,Sim,Sim,Sim,Sim,Sim,Renda abaixo de R$1000
97652,São Paulo,Sim,Sim,Sim,Sim,Sim,Renda abaixo de R$1000
97656,São Paulo,Sim,Sim,Sim,Sim,Sim,Entre 1000 e 3000 reais
97708,São Paulo,Sim,Sim,Sim,Sim,Sim,Entre 1000 e 3000 reais
97744,São Paulo,Sim,Sim,Sim,Sim,Sim,Renda abaixo de R$1000
97754,São Paulo,Sim,Sim,Sim,Sim,Sim,Renda abaixo de R$1000
97756,São Paulo,Sim,Sim,Sim,Sim,Sim,Entre 3000 e 20000 reais
97765,São Paulo,Sim,Sim,Sim,Sim,Sim,Renda abaixo de R$1000
97770,São Paulo,Sim,Sim,Sim,Sim,Sim,Renda abaixo de R$1000
97784,São Paulo,Sim,Sim,Sim,Sim,Sim,Renda abaixo de R$1000
97810,São Paulo,Sim,Sim,Sim,Sim,Sim,Entre 1000 e 3000 reais
97813,São Paulo,Sim,Sim,Sim,Sim,Sim,Entre 1000 e 3000 reais
97816,São Paulo,Sim,Sim,Sim,Sim,Sim,Renda abaixo de R$1000
97832,São Paulo,Sim,Sim,Sim,Sim,Sim,Entre 3000 e 20000 reais
97833,São Paulo,Sim,Sim,Sim,Sim,Sim,Renda abaixo de R$1000
97862,São Paulo,Sim,Sim,Sim,Sim,Sim,Entre 3000 e 20000 reais
97864,São Paulo,Sim,Sim,Sim,Sim,Sim,Entre 3000 e 20000 reais
97869,São Paulo,Sim,Sim,Sim,Sim,Sim,Entre 1000 e 3000 reais
97895,São Paulo,Sim,Sim,Sim,Sim,Sim,Entre 1000 e 3000 reais
97910,São Paulo,Sim,Sim,Sim,Sim,Sim,Entre 1000 e 3000 reais
98014,São Paulo,Sim,Sim,Sim,Sim,Sim,Entre 1000 e 3000 reais
98015,São Paulo,Sim,Sim,Sim,Sim,Sim,Entre 1000 e 3000 reais
98021,São Paulo,Sim,Sim,Sim,Sim,Sim,Renda abaixo de R$1000
98046,São Paulo,Sim,Sim,Sim,Sim,Sim,Renda abaixo de R$1000
98058,São Paulo,Sim,Sim,Sim,Sim,Sim,Renda abaixo de R$1000
98062,São Paulo,Sim,Sim,Sim,Sim,Sim,Entre 1000 e 3000 reais
98077,São Paulo,Sim,Sim,Sim,Sim,Sim,Renda abaixo de R$1000
98142,São Paulo,Sim,Sim,Sim,Sim,Sim,Entre 1000 e 3000 reais
98153,São Paulo,Sim,Sim,Sim,Sim,Sim,Renda abaixo de R$1000
98195,São Paulo,Sim,Sim,Sim,Sim,Sim,Renda abaixo de R$1000
98217,São Paulo,Sim,Sim,Sim,Sim,Sim,Renda abaixo de R$1000
98226,São Paulo,Sim,Sim,Sim,Sim,Sim,Renda abaixo de R$1000
98232,São Paulo,Sim,Sim,Sim,Sim,Sim,Entre 1000 e 3000 reais
98244,São Paulo,Sim,Sim,Sim,Sim,Sim,Entre 3000 e 20000 reais
98245,São Paulo,Sim,Sim,Sim,Sim,Sim,Entre 3000 e 20000 reais
98249,São Paulo,Sim,Sim,Sim,Sim,Sim,Entre 1000 e 3000 reais
98252,São Paulo,Sim,Sim,Sim,Sim,Sim,Entre 3000 e 20000 reais
98253,São Paulo,Sim,Sim,Sim,Sim,Sim,Entre 1000 e 3000 reais
98258,São Paulo,Sim,Sim,Sim,Sim,Sim,Entre 1000 e 3000 reais
98271,São Paulo,Sim,Sim,Sim,Sim,Sim,Renda abaixo de R$1000
98277,São Paulo,Sim,Sim,Sim,Sim,Sim,Renda abaixo de R$1000
98287,São Paulo,Sim,Sim,Sim,Sim,Sim,Entre 1000 e 3000 reais
98307,São Paulo,Sim,Sim,Sim,Sim,Sim,Renda abaixo de R$1000
98309,São Paulo,Sim,Sim,Sim,Sim,Sim,Entre 1000 e 3000 reais
98335,São Paulo,Sim,Sim,Sim,Sim,Sim,Entre 3000 e 20000 reais
98342,São Paulo,Sim,Sim,Sim,Sim,Sim,Renda abaixo de R$1000
98343,São Paulo,Sim,Sim,Sim,Sim,Sim,Entre 1000 e 3000 reais
98345,São Paulo,Sim,Sim,Sim,Sim,Sim,Entre 3000 e 20000 reais
98348,São Paulo,Sim,Sim,Sim,Sim,Sim,Entre 1000 e 3000 reais
98349,São Paulo,Sim,Sim,Sim,Sim,Sim,Renda abaixo de R$1000
98356,São Paulo,Sim,Sim,Sim,Sim,Sim,Renda abaixo de R$1000
98361,São Paulo,Sim,Sim,Sim,Sim,Sim,Entre 1000 e 3000 reais
98362,São Paulo,Sim,Sim,Sim,Sim,Sim,Entre 1000 e 3000 reais
98367,São Paulo,Sim,Sim,Sim,Sim,Sim,Renda abaixo de R$1000
98369,São Paulo,Sim,Sim,Sim,Sim,Sim,Renda abaixo de R$1000
98374,São Paulo,Sim,Sim,Sim,Sim,Sim,Entre 1000 e 3000 reais
98377,São Paulo,Sim,Sim,Sim,Sim,Sim,Renda abaixo de R$1000
98383,São Paulo,Sim,Sim,Sim,Sim,Sim,Entre 1000 e 3000 reais
98473,São Paulo,Sim,Sim,Sim,Sim,Sim,Entre 1000 e 3000 reais
98475,São Paulo,Sim,Sim,Sim,Sim,Sim,Entre 1000 e 3000 reais
98479,São Paulo,Sim,Sim,Sim,Sim,Sim,Entre 3000 e 20000 reais
98487,São Paulo,Sim,Sim,Sim,Sim,Sim,Entre 1000 e 3000 reais
98491,São Paulo,Sim,Sim,Sim,Sim,Sim,Renda abaixo de R$1000
98525,São Paulo,Sim,Sim,Sim,Sim,Sim,Renda abaixo de R$1000
98528,São Paulo,Sim,Sim,Sim,Sim,Sim,Renda abaixo de R$1000
98529,São Paulo,Sim,Sim,Sim,Sim,Sim,Entre 3000 e 20000 reais
98531,São Paulo,Sim,Sim,Sim,Sim,Sim,Entre 1000 e 3000 reais
98536,São Paulo,Sim,Sim,Sim,Sim,Sim,Entre 3000 e 20000 reais
98539,São Paulo,Sim,Sim,Sim,Sim,Sim,Entre 1000 e 3000 reais
98557,São Paulo,Sim,Sim,Sim,Sim,Sim,Entre 1000 e 3000 reais
98566,São Paulo,Sim,Sim,Sim,Sim,Sim,Entre 1000 e 3000 reais
98574,São Paulo,Sim,Sim,Sim,Sim,Sim,Entre 1000 e 3000 reais
98584,São Paulo,Sim,Sim,Sim,Sim,Sim,Renda abaixo de R$1000
98586,São Paulo,Sim,Sim,Sim,Sim,Sim,Renda abaixo de R$1000
98589,São Paulo,Sim,Sim,Sim,Sim,Sim,Renda abaixo de R$1000
98595,São Paulo,Sim,Sim,Sim,Sim,Sim,Entre 1000 e 3000 reais
98596,São Paulo,Sim,Sim,Sim,Sim,Sim,Entre 1000 e 3000 reais
98597,São Paulo,Sim,Sim,Sim,Sim,Sim,Entre 1000 e 3000 reais
98629,São Paulo,Sim,Sim,Sim,Sim,Sim,Renda abaixo de R$1000
98635,São Paulo,Sim,Sim,Sim,Sim,Sim,Renda abaixo de R$1000
98638,São Paulo,Sim,Sim,Sim,Sim,Sim,Renda abaixo de R$1000
98639,São Paulo,Sim,Sim,Sim,Sim,Sim,Renda abaixo de R$1000
98831,São Paulo,Sim,Sim,Sim,Sim,Sim,Entre 1000 e 3000 reais
98834,São Paulo,Sim,Sim,Sim,Sim,Sim,Entre 1000 e 3000 reais
98841,São Paulo,Sim,Sim,Sim,Sim,Sim,Entre 3000 e 20000 reais
98842,São Paulo,Sim,Sim,Sim,Sim,Sim,Entre 1000 e 3000 reais
98844,São Paulo,Sim,Sim,Sim,Sim,Sim,Entre 1000 e 3000 reais
98845,São Paulo,Sim,Sim,Sim,Sim,Sim,Entre 1000 e 3000 reais
98848,São Paulo,Sim,Sim,Sim,Sim,Sim,Renda abaixo de R$1000
98850,São Paulo,Sim,Sim,Sim,Sim,Sim,Renda abaixo de R$1000
98852,São Paulo,Sim,Sim,Sim,Sim,Sim,Renda abaixo de R$1000
98863,São Paulo,Sim,Sim,Sim,Sim,Sim,Entre 1000 e 3000 reais
98891,São Paulo,Sim,Sim,Sim,Sim,Sim,Entre 1000 e 3000 reais
98895,São Paulo,Sim,Sim,Sim,Sim,Sim,Entre 1000 e 3000 reais
98897,São Paulo,Sim,Sim,Sim,Sim,Sim,Entre 3000 e 20000 reais
98901,São Paulo,Sim,Sim,Sim,Sim,Sim,Entre 3000 e 20000 reais
98902,São Paulo,Sim,Sim,Sim,Sim,Sim,Entre 1000 e 3000 reais
98917,São Paulo,Sim,Sim,Sim,Sim,Sim,Entre 1000 e 3000 reais
98921,São Paulo,Sim,Sim,Sim,Sim,Sim,Renda abaixo de R$1000
98951,São Paulo,Sim,Sim,Sim,Sim,Sim,Entre 3000 e 20000 reais
98955,São Paulo,Sim,Sim,Sim,Sim,Sim,Entre 1000 e 3000 reais
98956,São Paulo,Sim,Sim,Sim,Sim,Sim,Entre 3000 e 20000 reais
98958,São Paulo,Sim,Sim,Sim,Sim,Sim,Entre 1000 e 3000 reais
98962,São Paulo,Sim,Sim,Sim,Sim,Sim,Entre 3000 e 20000 reais
98966,São Paulo,Sim,Sim,Sim,Sim,Sim,Entre 3000 e 20000 reais
98974,São Paulo,Sim,Sim,Sim,Sim,Sim,Entre 3000 e 20000 reais
98979,São Paulo,Sim,Sim,Sim,Sim,Sim,Entre 3000 e 20000 reais
98981,São Paulo,Sim,Sim,Sim,Sim,Sim,Entre 3000 e 20000 reais
98984,São Paulo,Sim,Sim,Sim,Sim,Sim,Entre 1000 e 3000 reais
98988,São Paulo,Sim,Sim,Sim,Sim,Sim,Entre 1000 e 3000 reais
98990,São Paulo,Sim,Sim,Sim,Sim,Sim,Entre 1000 e 3000 reais
98991,São Paulo,Sim,Sim,Sim,Sim,Sim,Renda abaixo de R$1000
98992,São Paulo,Sim,Sim,Sim,Sim,Sim,Entre 3000 e 20000 reais
98993,São Paulo,Sim,Sim,Sim,Sim,Sim,Entre 3000 e 20000 reais
98994,São Paulo,Sim,Sim,Sim,Sim,Sim,Entre 1000 e 3000 reais
98996,São Paulo,Sim,Sim,Sim,Sim,Sim,Entre 3000 e 20000 reais
99026,São Paulo,Sim,Sim,Sim,Sim,Sim,Renda abaixo de R$1000
99029,São Paulo,Sim,Sim,Sim,Sim,Sim,Entre 1000 e 3000 reais
99030,São Paulo,Sim,Sim,Sim,Sim,Sim,Renda abaixo de R$1000
99031,São Paulo,Sim,Sim,Sim,Sim,Sim,Entre 1000 e 3000 reais
99037,São Paulo,Sim,Sim,Sim,Sim,Sim,Entre 1000 e 3000 reais
99039,São Paulo,Sim,Sim,Sim,Sim,Sim,Entre 1000 e 3000 reais
99043,São Paulo,Sim,Sim,Sim,Sim,Sim,Renda abaixo de R$1000
99045,São Paulo,Sim,Sim,Sim,Sim,Sim,Entre 1000 e 3000 reais
99049,São Paulo,Sim,Sim,Sim,Sim,Sim,Entre 1000 e 3000 reais
99050,São Paulo,Sim,Sim,Sim,Sim,Sim,Entre 1000 e 3000 reais
99058,São Paulo,Sim,Sim,Sim,Sim,Sim,Entre 1000 e 3000 reais
99085,São Paulo,Sim,Sim,Sim,Sim,Sim,Renda abaixo de R$1000
99087,São Paulo,Sim,Sim,Sim,Sim,Sim,Renda abaixo de R$1000
99139,São Paulo,Sim,Sim,Sim,Sim,Sim,Renda abaixo de R$1000
99149,São Paulo,Sim,Sim,Sim,Sim,Sim,Entre 1000 e 3000 reais
99154,São Paulo,Sim,Sim,Sim,Sim,Sim,Renda abaixo de R$1000
99155,São Paulo,Sim,Sim,Sim,Sim,Sim,Entre 1000 e 3000 reais
99165,São Paulo,Sim,Sim,Sim,Sim,Sim,Renda abaixo de R$1000
99172,São Paulo,Sim,Sim,Sim,Sim,Sim,Entre 1000 e 3000 reais
99179,São Paulo,Sim,Sim,Sim,Sim,Sim,Entre 1000 e 3000 reais
99202,São Paulo,Sim,Sim,Sim,Sim,Sim,Renda abaixo de R$1000
99213,São Paulo,Sim,Sim,Sim,Sim,Sim,Entre 1000 e 3000 reais
99236,São Paulo,Sim,Sim,Sim,Sim,Sim,Entre 1000 e 3000 reais
99258,São Paulo,Sim,Sim,Sim,Sim,Sim,Entre 1000 e 3000 reais
99260,São Paulo,Sim,Sim,Sim,Sim,Sim,Entre 1000 e 3000 reais
99356,São Paulo,Sim,Sim,Sim,Sim,Sim,Renda abaixo de R$1000
99358,São Paulo,Sim,Sim,Sim,Sim,Sim,Renda abaixo de R$1000
99388,São Paulo,Sim,Sim,Sim,Sim,Sim,Renda abaixo de R$1000
99394,São Paulo,Sim,Sim,Sim,Sim,Sim,Entre 3000 e 20000 reais
99510,São Paulo,Sim,Sim,Sim,Sim,Sim,Entre 3000 e 20000 reais
99520,São Paulo,Sim,Sim,Sim,Sim,Sim,Renda abaixo de R$1000
99530,São Paulo,Sim,Sim,Sim,Sim,Sim,Renda abaixo de R$1000
99534,São Paulo,Sim,Sim,Sim,Sim,Sim,Entre 3000 e 20000 reais
99537,São Paulo,Sim,Sim,Sim,Sim,Sim,Entre 1000 e 3000 reais
99541,São Paulo,Sim,Sim,Sim,Sim,Sim,Entre 1000 e 3000 reais
99548,São Paulo,Sim,Sim,Sim,Sim,Sim,Entre 1000 e 3000 reais
99549,São Paulo,Sim,Sim,Sim,Sim,Sim,Entre 3000 e 20000 reais
99550,São Paulo,Sim,Sim,Sim,Sim,Sim,Entre 1000 e 3000 reais
99553,São Paulo,Sim,Sim,Sim,Sim,Sim,Renda abaixo de R$1000
99590,São Paulo,Sim,Sim,Sim,Sim,Sim,Renda abaixo de R$1000
99609,São Paulo,Sim,Sim,Sim,Sim,Sim,Entre 1000 e 3000 reais
99682,São Paulo,Sim,Sim,Sim,Sim,Sim,Renda abaixo de R$1000
99683,São Paulo,Sim,Sim,Sim,Sim,Sim,Entre 1000 e 3000 reais
99691,São Paulo,Sim,Sim,Sim,Sim,Sim,Entre 1000 e 3000 reais
99693,São Paulo,Sim,Sim,Sim,Sim,Sim,Entre 1000 e 3000 reais
99706,São Paulo,Sim,Sim,Sim,Sim,Sim,Entre 1000 e 3000 reais
99708,São Paulo,Sim,Sim,Sim,Sim,Sim,Entre 1000 e 3000 reais
99722,São Paulo,Sim,Sim,Sim,Sim,Sim,Renda abaixo de R$1000
99748,São Paulo,Sim,Sim,Sim,Sim,Sim,Entre 3000 e 20000 reais
99784,São Paulo,Sim,Sim,Sim,Sim,Sim,Entre 1000 e 3000 reais
99787,São Paulo,Sim,Sim,Sim,Sim,Sim,Renda abaixo de R$1000
99789,São Paulo,Sim,Sim,Sim,Sim,Sim,Entre 3000 e 20000 reais
99792,São Paulo,Sim,Sim,Sim,Sim,Sim,Renda abaixo de R$1000
99819,São Paulo,Sim,Sim,Sim,Sim,Sim,Entre 3000 e 20000 reais
99920,São Paulo,Sim,Sim,Sim,Sim,Sim,Renda abaixo de R$1000
99940,São Paulo,Sim,Sim,Sim,Sim,Sim,Entre 3000 e 20000 reais
100074,São Paulo,Sim,Sim,Sim,Sim,Sim,Entre 3000 e 20000 reais
100123,São Paulo,Sim,Sim,Sim,Sim,Sim,Entre 1000 e 3000 reais
100131,São Paulo,Sim,Sim,Sim,Sim,Sim,Entre 1000 e 3000 reais
100154,São Paulo,Sim,Sim,Sim,Sim,Sim,Entre 1000 e 3000 reais
100171,São Paulo,Sim,Sim,Sim,Sim,Sim,Renda abaixo de R$1000
100196,São Paulo,Sim,Sim,Sim,Sim,Sim,Renda abaixo de R$1000
100228,São Paulo,Sim,Sim,Sim,Sim,Sim,Renda abaixo de R$1000
100311,São Paulo,Sim,Sim,Sim,Sim,Sim,Entre 3000 e 20000 reais
100316,São Paulo,Sim,Sim,Sim,Sim,Sim,Entre 3000 e 20000 reais
100320,São Paulo,Sim,Sim,Sim,Sim,Sim,Entre 1000 e 3000 reais
100325,São Paulo,Sim,Sim,Sim,Sim,Sim,Renda abaixo de R$1000
100327,São Paulo,Sim,Sim,Sim,Sim,Sim,Entre 1000 e 3000 reais
100351,São Paulo,Sim,Sim,Sim,Sim,Sim,Entre 1000 e 3000 reais
100352,São Paulo,Sim,Sim,Sim,Sim,Sim,Entre 1000 e 3000 reais
100354,São Paulo,Sim,Sim,Sim,Sim,Sim,Entre 3000 e 20000 reais
100356,São Paulo,Sim,Sim,Sim,Sim,Sim,Entre 1000 e 3000 reais
100359,São Paulo,Sim,Sim,Sim,Sim,Sim,Entre 3000 e 20000 reais
100361,São Paulo,Sim,Sim,Sim,Sim,Sim,Entre 1000 e 3000 reais
100370,São Paulo,Sim,Sim,Sim,Sim,Sim,Entre 3000 e 20000 reais
100376,São Paulo,Sim,Sim,Sim,Sim,Sim,Renda abaixo de R$1000
100392,São Paulo,Sim,Sim,Sim,Sim,Sim,Entre 1000 e 3000 reais
100438,São Paulo,Sim,Sim,Sim,Sim,Sim,Entre 1000 e 3000 reais
100442,São Paulo,Sim,Sim,Sim,Sim,Sim,Entre 1000 e 3000 reais
100443,São Paulo,Sim,Sim,Sim,Sim,Sim,Renda abaixo de R$1000
100476,São Paulo,Sim,Sim,Sim,Sim,Sim,Renda abaixo de R$1000
100504,São Paulo,Sim,Sim,Sim,Sim,Sim,Renda abaixo de R$1000
100533,São Paulo,Sim,Sim,Sim,Sim,Sim,Renda abaixo de R$1000
100534,São Paulo,Sim,Sim,Sim,Sim,Sim,Entre 3000 e 20000 reais
100537,São Paulo,Sim,Sim,Sim,Sim,Sim,Entre 1000 e 3000 reais
100538,São Paulo,Sim,Sim,Sim,Sim,Sim,Entre 1000 e 3000 reais
100540,São Paulo,Sim,Sim,Sim,Sim,Sim,Entre 1000 e 3000 reais
100547,São Paulo,Sim,Sim,Sim,Sim,Sim,Entre 3000 e 20000 reais
100607,São Paulo,Sim,Sim,Sim,Sim,Sim,Entre 1000 e 3000 reais
100616,São Paulo,Sim,Sim,Sim,Sim,Sim,Entre 1000 e 3000 reais
100652,São Paulo,Sim,Sim,Sim,Sim,Sim,Entre 1000 e 3000 reais
100671,São Paulo,Sim,Sim,Sim,Sim,Sim,Renda abaixo de R$1000
100686,São Paulo,Sim,Sim,Sim,Sim,Sim,Renda abaixo de R$1000
100698,São Paulo,Sim,Sim,Sim,Sim,Sim,Entre 3000 e 20000 reais
100699,São Paulo,Sim,Sim,Sim,Sim,Sim,Entre 1000 e 3000 reais
100700,São Paulo,Sim,Sim,Sim,Sim,Sim,Entre 3000 e 20000 reais
100709,São Paulo,Sim,Sim,Sim,Sim,Sim,Renda abaixo de R$1000
100715,São Paulo,Sim,Sim,Sim,Sim,Sim,Renda abaixo de R$1000
100721,São Paulo,Sim,Sim,Sim,Sim,Sim,Renda abaixo de R$1000
100731,São Paulo,Sim,Sim,Sim,Sim,Sim,Renda abaixo de R$1000
100736,São Paulo,Sim,Sim,Sim,Sim,Sim,Entre 1000 e 3000 reais
100740,São Paulo,Sim,Sim,Sim,Sim,Sim,Entre 1000 e 3000 reais
100746,São Paulo,Sim,Sim,Sim,Sim,Sim,Renda abaixo de R$1000
100749,São Paulo,Sim,Sim,Sim,Sim,Sim,Renda abaixo de R$1000
100787,São Paulo,Sim,Sim,Sim,Sim,Sim,Renda abaixo de R$1000
100790,São Paulo,Sim,Sim,Sim,Sim,Sim,Entre 3000 e 20000 reais
100803,São Paulo,Sim,Sim,Sim,Sim,Sim,Renda abaixo de R$1000
100804,São Paulo,Sim,Sim,Sim,Sim,Sim,Entre 1000 e 3000 reais
100806,São Paulo,Sim,Sim,Sim,Sim,Sim,Renda abaixo de R$1000
100812,São Paulo,Sim,Sim,Sim,Sim,Sim,Entre 1000 e 3000 reais
100813,São Paulo,Sim,Sim,Sim,Sim,Sim,Entre 1000 e 3000 reais
100822,São Paulo,Sim,Sim,Sim,Sim,Sim,Entre 1000 e 3000 reais
100837,São Paulo,Sim,Sim,Sim,Sim,Sim,Renda abaixo de R$1000
100931,São Paulo,Sim,Sim,Sim,Sim,Sim,Entre 1000 e 3000 reais
100935,São Paulo,Sim,Sim,Sim,Sim,Sim,Entre 3000 e 20000 reais
100942,São Paulo,Sim,Sim,Sim,Sim,Sim,Entre 1000 e 3000 reais
100947,São Paulo,Sim,Sim,Sim,Sim,Sim,Entre 3000 e 20000 reais
100950,São Paulo,Sim,Sim,Sim,Sim,Sim,Entre 3000 e 20000 reais
100951,São Paulo,Sim,Sim,Sim,Sim,Sim,Entre 3000 e 20000 reais
100955,São Paulo,Sim,Sim,Sim,Sim,Sim,Entre 1000 e 3000 reais
100956,São Paulo,Sim,Sim,Sim,Sim,Sim,Entre 3000 e 20000 reais
100964,São Paulo,Sim,Sim,Sim,Sim,Sim,Entre 1000 e 3000 reais
100966,São Paulo,Sim,Sim,Sim,Sim,Sim,Entre 3000 e 20000 reais
100968,São Paulo,Sim,Sim,Sim,Sim,Sim,Entre 1000 e 3000 reais
100974,São Paulo,Sim,Sim,Sim,Sim,Sim,Entre 3000 e 20000 reais
100976,São Paulo,Sim,Sim,Sim,Sim,Sim,Entre 1000 e 3000 reais
100984,São Paulo,Sim,Sim,Sim,Sim,Sim,Entre 1000 e 3000 reais
100985,São Paulo,Sim,Sim,Sim,Sim,Sim,Entre 1000 e 3000 reais
101010,São Paulo,Sim,Sim,Sim,Sim,Sim,Entre 1000 e 3000 reais
101014,São Paulo,Sim,Sim,Sim,Sim,Sim,Entre 1000 e 3000 reais
101022,São Paulo,Sim,Sim,Sim,Sim,Sim,Entre 1000 e 3000 reais
101024,São Paulo,Sim,Sim,Sim,Sim,Sim,Entre 1000 e 3000 reais
101027,São Paulo,Sim,Sim,Sim,Sim,Sim,Entre 1000 e 3000 reais
101028,São Paulo,Sim,Sim,Sim,Sim,Sim,Entre 1000 e 3000 reais
101032,São Paulo,Sim,Sim,Sim,Sim,Sim,Renda abaixo de R$1000
101037,São Paulo,Sim,Sim,Sim,Sim,Sim,Entre 1000 e 3000 reais
101049,São Paulo,Sim,Sim,Sim,Sim,Sim,Entre 3000 e 20000 reais
101058,São Paulo,Sim,Sim,Sim,Sim,Sim,Renda abaixo de R$1000
101059,São Paulo,Sim,Sim,Sim,Sim,Sim,Entre 1000 e 3000 reais
101066,São Paulo,Sim,Sim,Sim,Sim,Sim,Entre 1000 e 3000 reais
101072,São Paulo,Sim,Sim,Sim,Sim,Sim,Entre 1000 e 3000 reais
101073,São Paulo,Sim,Sim,Sim,Sim,Sim,Entre 3000 e 20000 reais
101078,São Paulo,Sim,Sim,Sim,Sim,Sim,Entre 1000 e 3000 reais
101081,São Paulo,Sim,Sim,Sim,Sim,Sim,Entre 3000 e 20000 reais
101082,São Paulo,Sim,Sim,Sim,Sim,Sim,Entre 3000 e 20000 reais
101083,São Paulo,Sim,Sim,Sim,Sim,Sim,Entre 3000 e 20000 reais
101084,São Paulo,Sim,Sim,Sim,Sim,Sim,Entre 3000 e 20000 reais
101089,São Paulo,Sim,Sim,Sim,Sim,Sim,Entre 1000 e 3000 reais
101090,São Paulo,Sim,Sim,Sim,Sim,Sim,Entre 1000 e 3000 reais
101094,São Paulo,Sim,Sim,Sim,Sim,Sim,Entre 3000 e 20000 reais
101095,São Paulo,Sim,Sim,Sim,Sim,Sim,Entre 1000 e 3000 reais
101096,São Paulo,Sim,Sim,Sim,Sim,Sim,Entre 3000 e 20000 reais
101099,São Paulo,Sim,Sim,Sim,Sim,Sim,Entre 1000 e 3000 reais
101104,São Paulo,Sim,Sim,Sim,Sim,Sim,Entre 3000 e 20000 reais
101122,São Paulo,Sim,Sim,Sim,Sim,Sim,Renda abaixo de R$1000
101133,São Paulo,Sim,Sim,Sim,Sim,Sim,Entre 1000 e 3000 reais
101134,São Paulo,Sim,Sim,Sim,Sim,Sim,Entre 1000 e 3000 reais
101135,São Paulo,Sim,Sim,Sim,Sim,Sim,Renda abaixo de R$1000
101145,São Paulo,Sim,Sim,Sim,Sim,Sim,Entre 1000 e 3000 reais
101152,São Paulo,Sim,Sim,Sim,Sim,Sim,Entre 3000 e 20000 reais
101161,São Paulo,Sim,Sim,Sim,Sim,Sim,Entre 1000 e 3000 reais
101170,São Paulo,Sim,Sim,Sim,Sim,Sim,Entre 1000 e 3000 reais
101172,São Paulo,Sim,Sim,Sim,Sim,Sim,Entre 3000 e 20000 reais
101203,São Paulo,Sim,Sim,Sim,Sim,Sim,Renda abaixo de R$1000
101209,São Paulo,Sim,Sim,Sim,Sim,Sim,Entre 1000 e 3000 reais
101211,São Paulo,Sim,Sim,Sim,Sim,Sim,Entre 3000 e 20000 reais
101212,São Paulo,Sim,Sim,Sim,Sim,Sim,Entre 1000 e 3000 reais
101217,São Paulo,Sim,Sim,Sim,Sim,Sim,Renda abaixo de R$1000
101222,São Paulo,Sim,Sim,Sim,Sim,Sim,Renda abaixo de R$1000
101223,São Paulo,Sim,Sim,Sim,Sim,Sim,Entre 1000 e 3000 reais
101224,São Paulo,Sim,Sim,Sim,Sim,Sim,Renda abaixo de R$1000
101225,São Paulo,Sim,Sim,Sim,Sim,Sim,Entre 1000 e 3000 reais
101226,São Paulo,Sim,Sim,Sim,Sim,Sim,Renda abaixo de R$1000
101227,São Paulo,Sim,Sim,Sim,Sim,Sim,Entre 1000 e 3000 reais
101230,São Paulo,Sim,Sim,Sim,Sim,Sim,Entre 1000 e 3000 reais
101234,São Paulo,Sim,Sim,Sim,Sim,Sim,Entre 1000 e 3000 reais
101235,São Paulo,Sim,Sim,Sim,Sim,Sim,Entre 3000 e 20000 reais
101237,São Paulo,Sim,Sim,Sim,Sim,Sim,Renda abaixo de R$1000
101247,São Paulo,Sim,Sim,Sim,Sim,Sim,Renda abaixo de R$1000
101273,São Paulo,Sim,Sim,Sim,Sim,Sim,Renda abaixo de R$1000
101275,São Paulo,Sim,Sim,Sim,Sim,Sim,Entre 1000 e 3000 reais
101283,São Paulo,Sim,Sim,Sim,Sim,Sim,Renda abaixo de R$1000
101298,São Paulo,Sim,Sim,Sim,Sim,Sim,Entre 1000 e 3000 reais
101301,São Paulo,Sim,Sim,Sim,Sim,Sim,Entre 1000 e 3000 reais
101302,São Paulo,Sim,Sim,Sim,Sim,Sim,Entre 3000 e 20000 reais
101333,São Paulo,Sim,Sim,Sim,Sim,Sim,Renda abaixo de R$1000
101338,São Paulo,Sim,Sim,Sim,Sim,Sim,Entre 1000 e 3000 reais
101339,São Paulo,Sim,Sim,Sim,Sim,Sim,Entre 1000 e 3000 reais
101348,São Paulo,Sim,Sim,Sim,Sim,Sim,Entre 1000 e 3000 reais
101352,São Paulo,Sim,Sim,Sim,Sim,Sim,Entre 3000 e 20000 reais
101356,São Paulo,Sim,Sim,Sim,Sim,Sim,Entre 1000 e 3000 reais
101361,São Paulo,Sim,Sim,Sim,Sim,Sim,Renda abaixo de R$1000
101364,São Paulo,Sim,Sim,Sim,Sim,Sim,Renda abaixo de R$1000
101370,São Paulo,Sim,Sim,Sim,Sim,Sim,Renda abaixo de R$1000
101379,São Paulo,Sim,Sim,Sim,Sim,Sim,Renda abaixo de R$1000
101384,São Paulo,Sim,Sim,Sim,Sim,Sim,Entre 1000 e 3000 reais
101386,São Paulo,Sim,Sim,Sim,Sim,Sim,Renda abaixo de R$1000
101476,São Paulo,Sim,Sim,Sim,Sim,Sim,Entre 1000 e 3000 reais
101477,São Paulo,Sim,Sim,Sim,Sim,Sim,Entre 3000 e 20000 reais
101514,São Paulo,Sim,Sim,Sim,Sim,Sim,Renda abaixo de R$1000
101569,São Paulo,Sim,Sim,Sim,Sim,Sim,Renda abaixo de R$1000
101602,São Paulo,Sim,Sim,Sim,Sim,Sim,Entre 1000 e 3000 reais
101645,São Paulo,Sim,Sim,Sim,Sim,Sim,Entre 1000 e 3000 reais
101665,São Paulo,Sim,Sim,Sim,Sim,Sim,Entre 1000 e 3000 reais
101708,São Paulo,Sim,Sim,Sim,Sim,Sim,Entre 1000 e 3000 reais
101714,São Paulo,Sim,Sim,Sim,Sim,Sim,Entre 3000 e 20000 reais
101718,São Paulo,Sim,Sim,Sim,Sim,Sim,Entre 1000 e 3000 reais
101719,São Paulo,Sim,Sim,Sim,Sim,Sim,Entre 1000 e 3000 reais
101724,São Paulo,Sim,Sim,Sim,Sim,Sim,Renda abaixo de R$1000
101741,São Paulo,Sim,Sim,Sim,Sim,Sim,Entre 1000 e 3000 reais
101742,São Paulo,Sim,Sim,Sim,Sim,Sim,Entre 3000 e 20000 reais
101753,São Paulo,Sim,Sim,Sim,Sim,Sim,Entre 1000 e 3000 reais
101758,São Paulo,Sim,Sim,Sim,Sim,Sim,Entre 1000 e 3000 reais
101762,São Paulo,Sim,Sim,Sim,Sim,Sim,Renda abaixo de R$1000
101763,São Paulo,Sim,Sim,Sim,Sim,Sim,Entre 1000 e 3000 reais
101764,São Paulo,Sim,Sim,Sim,Sim,Sim,Entre 3000 e 20000 reais
101774,São Paulo,Sim,Sim,Sim,Sim,Sim,Entre 1000 e 3000 reais
101775,São Paulo,Sim,Sim,Sim,Sim,Sim,Entre 1000 e 3000 reais
101782,São Paulo,Sim,Sim,Sim,Sim,Sim,Entre 1000 e 3000 reais
101783,São Paulo,Sim,Sim,Sim,Sim,Sim,Entre 1000 e 3000 reais
101786,São Paulo,Sim,Sim,Sim,Sim,Sim,Entre 1000 e 3000 reais
101828,São Paulo,Sim,Sim,Sim,Sim,Sim,Entre 1000 e 3000 reais
101829,São Paulo,Sim,Sim,Sim,Sim,Sim,Renda abaixo de R$1000
101850,São Paulo,Sim,Sim,Sim,Sim,Sim,Renda abaixo de R$1000
101852,São Paulo,Sim,Sim,Sim,Sim,Sim,Entre 1000 e 3000 reais
101853,São Paulo,Sim,Sim,Sim,Sim,Sim,Renda abaixo de R$1000
101862,São Paulo,Sim,Sim,Sim,Sim,Sim,Entre 1000 e 3000 reais
101869,São Paulo,Sim,Sim,Sim,Sim,Sim,Renda abaixo de R$1000
101873,São Paulo,Sim,Sim,Sim,Sim,Sim,Renda abaixo de R$1000
102057,São Paulo,Sim,Sim,Sim,Sim,Sim,Entre 1000 e 3000 reais
102119,São Paulo,Sim,Sim,Sim,Sim,Sim,Renda abaixo de R$1000
102139,São Paulo,Sim,Sim,Sim,Sim,Sim,Renda abaixo de R$1000
102142,São Paulo,Sim,Sim,Sim,Sim,Sim,Renda abaixo de R$1000
102165,São Paulo,Sim,Sim,Sim,Sim,Sim,Renda abaixo de R$1000
102260,São Paulo,Sim,Sim,Sim,Sim,Sim,Renda abaixo de R$1000
102261,São Paulo,Sim,Sim,Sim,Sim,Sim,Entre 3000 e 20000 reais
102270,São Paulo,Sim,Sim,Sim,Sim,Sim,Renda abaixo de R$1000
102298,São Paulo,Sim,Sim,Sim,Sim,Sim,Entre 3000 e 20000 reais
102302,São Paulo,Sim,Sim,Sim,Sim,Sim,Entre 1000 e 3000 reais
102303,São Paulo,Sim,Sim,Sim,Sim,Sim,Entre 1000 e 3000 reais
102308,São Paulo,Sim,Sim,Sim,Sim,Sim,Entre 3000 e 20000 reais
102309,São Paulo,Sim,Sim,Sim,Sim,Sim,Entre 3000 e 20000 reais
102310,São Paulo,Sim,Sim,Sim,Sim,Sim,Entre 3000 e 20000 reais
102317,São Paulo,Sim,Sim,Sim,Sim,Sim,Entre 3000 e 20000 reais
102320,São Paulo,Sim,Sim,Sim,Sim,Sim,Entre 3000 e 20000 reais
102322,São Paulo,Sim,Sim,Sim,Sim,Sim,Entre 3000 e 20000 reais
102384,São Paulo,Sim,Sim,Sim,Sim,Sim,Entre 1000 e 3000 reais
102388,São Paulo,Sim,Sim,Sim,Sim,Sim,Entre 1000 e 3000 reais
102389,São Paulo,Sim,Sim,Sim,Sim,Sim,Renda abaixo de R$1000
102412,São Paulo,Sim,Sim,Sim,Sim,Sim,Entre 3000 e 20000 reais
102413,São Paulo,Sim,Sim,Sim,Sim,Sim,Entre 1000 e 3000 reais
102416,São Paulo,Sim,Sim,Sim,Sim,Sim,Entre 1000 e 3000 reais
102417,São Paulo,Sim,Sim,Sim,Sim,Sim,Entre 1000 e 3000 reais
102419,São Paulo,Sim,Sim,Sim,Sim,Sim,Entre 3000 e 20000 reais
102422,São Paulo,Sim,Sim,Sim,Sim,Sim,Entre 1000 e 3000 reais
102425,São Paulo,Sim,Sim,Sim,Sim,Sim,Entre 1000 e 3000 reais
102428,São Paulo,Sim,Sim,Sim,Sim,Sim,Entre 3000 e 20000 reais
102429,São Paulo,Sim,Sim,Sim,Sim,Sim,Entre 1000 e 3000 reais
102431,São Paulo,Sim,Sim,Sim,Sim,Sim,Entre 3000 e 20000 reais
102437,São Paulo,Sim,Sim,Sim,Sim,Sim,Entre 3000 e 20000 reais
102448,São Paulo,Sim,Sim,Sim,Sim,Sim,Entre 1000 e 3000 reais
102456,São Paulo,Sim,Sim,Sim,Sim,Sim,Entre 1000 e 3000 reais
102461,São Paulo,Sim,Sim,Sim,Sim,Sim,Entre 3000 e 20000 reais
102470,São Paulo,Sim,Sim,Sim,Sim,Sim,Renda abaixo de R$1000
102472,São Paulo,Sim,Sim,Sim,Sim,Sim,Entre 1000 e 3000 reais
102473,São Paulo,Sim,Sim,Sim,Sim,Sim,Renda abaixo de R$1000
102482,São Paulo,Sim,Sim,Sim,Sim,Sim,Entre 1000 e 3000 reais
102503,São Paulo,Sim,Sim,Sim,Sim,Sim,Entre 1000 e 3000 reais
102506,São Paulo,Sim,Sim,Sim,Sim,Sim,Entre 1000 e 3000 reais
102507,São Paulo,Sim,Sim,Sim,Sim,Sim,Entre 3000 e 20000 reais
102508,São Paulo,Sim,Sim,Sim,Sim,Sim,Entre 3000 e 20000 reais
102512,São Paulo,Sim,Sim,Sim,Sim,Sim,Renda abaixo de R$1000
102513,São Paulo,Sim,Sim,Sim,Sim,Sim,Entre 1000 e 3000 reais
102531,São Paulo,Sim,Sim,Sim,Sim,Sim,Renda abaixo de R$1000
102538,São Paulo,Sim,Sim,Sim,Sim,Sim,Renda abaixo de R$1000
102539,São Paulo,Sim,Sim,Sim,Sim,Sim,Entre 1000 e 3000 reais
102540,São Paulo,Sim,Sim,Sim,Sim,Sim,Renda abaixo de R$1000
102543,São Paulo,Sim,Sim,Sim,Sim,Sim,Entre 1000 e 3000 reais
102547,São Paulo,Sim,Sim,Sim,Sim,Sim,Entre 1000 e 3000 reais
102549,São Paulo,Sim,Sim,Sim,Sim,Sim,Renda abaixo de R$1000
102552,São Paulo,Sim,Sim,Sim,Sim,Sim,Entre 1000 e 3000 reais
102557,São Paulo,Sim,Sim,Sim,Sim,Sim,Entre 3000 e 20000 reais
102558,São Paulo,Sim,Sim,Sim,Sim,Sim,Renda abaixo de R$1000
102561,São Paulo,Sim,Sim,Sim,Sim,Sim,Renda abaixo de R$1000
102594,São Paulo,Sim,Sim,Sim,Sim,Sim,Renda abaixo de R$1000
102612,São Paulo,Sim,Sim,Sim,Sim,Sim,Entre 3000 e 20000 reais
102617,São Paulo,Sim,Sim,Sim,Sim,Sim,Entre 1000 e 3000 reais
102619,São Paulo,Sim,Sim,Sim,Sim,Sim,Entre 3000 e 20000 reais
102622,São Paulo,Sim,Sim,Sim,Sim,Sim,Entre 3000 e 20000 reais
102624,São Paulo,Sim,Sim,Sim,Sim,Sim,Entre 3000 e 20000 reais
102625,São Paulo,Sim,Sim,Sim,Sim,Sim,Entre 3000 e 20000 reais
102668,São Paulo,Sim,Sim,Sim,Sim,Sim,Entre 3000 e 20000 reais
102697,São Paulo,Sim,Sim,Sim,Sim,Sim,Renda abaixo de R$1000
102706,São Paulo,Sim,Sim,Sim,Sim,Sim,Renda abaixo de R$1000
102713,São Paulo,Sim,Sim,Sim,Sim,Sim,Entre 1000 e 3000 reais
102714,São Paulo,Sim,Sim,Sim,Sim,Sim,Entre 1000 e 3000 reais
102715,São Paulo,Sim,Sim,Sim,Sim,Sim,Entre 3000 e 20000 reais
102717,São Paulo,Sim,Sim,Sim,Sim,Sim,Entre 3000 e 20000 reais
102719,São Paulo,Sim,Sim,Sim,Sim,Sim,Entre 1000 e 3000 reais
102721,São Paulo,Sim,Sim,Sim,Sim,Sim,Entre 3000 e 20000 reais
102722,São Paulo,Sim,Sim,Sim,Sim,Sim,Entre 1000 e 3000 reais
102723,São Paulo,Sim,Sim,Sim,Sim,Sim,Entre 3000 e 20000 reais
102724,São Paulo,Sim,Sim,Sim,Sim,Sim,Entre 3000 e 20000 reais
102725,São Paulo,Sim,Sim,Sim,Sim,Sim,Entre 1000 e 3000 reais
102745,São Paulo,Sim,Sim,Sim,Sim,Sim,Entre 1000 e 3000 reais
102746,São Paulo,Sim,Sim,Sim,Sim,Sim,Entre 1000 e 3000 reais
102748,São Paulo,Sim,Sim,Sim,Sim,Sim,Entre 3000 e 20000 reais
102749,São Paulo,Sim,Sim,Sim,Sim,Sim,Entre 1000 e 3000 reais
102750,São Paulo,Sim,Sim,Sim,Sim,Sim,Entre 1000 e 3000 reais
102753,São Paulo,Sim,Sim,Sim,Sim,Sim,Entre 3000 e 20000 reais
102754,São Paulo,Sim,Sim,Sim,Sim,Sim,Entre 1000 e 3000 reais
102755,São Paulo,Sim,Sim,Sim,Sim,Sim,Entre 1000 e 3000 reais
102757,São Paulo,Sim,Sim,Sim,Sim,Sim,Entre 1000 e 3000 reais
102758,São Paulo,Sim,Sim,Sim,Sim,Sim,Entre 3000 e 20000 reais
102759,São Paulo,Sim,Sim,Sim,Sim,Sim,Entre 1000 e 3000 reais
102760,São Paulo,Sim,Sim,Sim,Sim,Sim,Entre 1000 e 3000 reais
102761,São Paulo,Sim,Sim,Sim,Sim,Sim,Entre 3000 e 20000 reais
102762,São Paulo,Sim,Sim,Sim,Sim,Sim,Entre 3000 e 20000 reais
102763,São Paulo,Sim,Sim,Sim,Sim,Sim,Renda abaixo de R$1000
102764,São Paulo,Sim,Sim,Sim,Sim,Sim,Entre 3000 e 20000 reais
102765,São Paulo,Sim,Sim,Sim,Sim,Sim,Entre 1000 e 3000 reais
102767,São Paulo,Sim,Sim,Sim,Sim,Sim,Entre 3000 e 20000 reais
102768,São Paulo,Sim,Sim,Sim,Sim,Sim,Entre 3000 e 20000 reais
102769,São Paulo,Sim,Sim,Sim,Sim,Sim,Entre 3000 e 20000 reais
102770,São Paulo,Sim,Sim,Sim,Sim,Sim,Entre 1000 e 3000 reais
102771,São Paulo,Sim,Sim,Sim,Sim,Sim,Entre 3000 e 20000 reais
102772,São Paulo,Sim,Sim,Sim,Sim,Sim,Entre 3000 e 20000 reais
102774,São Paulo,Sim,Sim,Sim,Sim,Sim,Entre 3000 e 20000 reais
102775,São Paulo,Sim,Sim,Sim,Sim,Sim,Entre 3000 e 20000 reais
102776,São Paulo,Sim,Sim,Sim,Sim,Sim,Entre 3000 e 20000 reais
102785,São Paulo,Sim,Sim,Sim,Sim,Sim,Entre 1000 e 3000 reais
102789,São Paulo,Sim,Sim,Sim,Sim,Sim,Entre 1000 e 3000 reais
102801,São Paulo,Sim,Sim,Sim,Sim,Sim,Renda abaixo de R$1000
102802,São Paulo,Sim,Sim,Sim,Sim,Sim,Entre 1000 e 3000 reais
102807,São Paulo,Sim,Sim,Sim,Sim,Sim,Renda abaixo de R$1000
102809,São Paulo,Sim,Sim,Sim,Sim,Sim,Entre 1000 e 3000 reais
102817,São Paulo,Sim,Sim,Sim,Sim,Sim,Entre 1000 e 3000 reais
102828,São Paulo,Sim,Sim,Sim,Sim,Sim,Entre 1000 e 3000 reais
102839,São Paulo,Sim,Sim,Sim,Sim,Sim,Renda abaixo de R$1000
102852,São Paulo,Sim,Sim,Sim,Sim,Sim,Entre 1000 e 3000 reais
102867,São Paulo,Sim,Sim,Sim,Sim,Sim,Entre 1000 e 3000 reais
102870,São Paulo,Sim,Sim,Sim,Sim,Sim,Entre 3000 e 20000 reais
102871,São Paulo,Sim,Sim,Sim,Sim,Sim,Entre 3000 e 20000 reais
102874,São Paulo,Sim,Sim,Sim,Sim,Sim,Entre 1000 e 3000 reais
102877,São Paulo,Sim,Sim,Sim,Sim,Sim,Entre 1000 e 3000 reais
102878,São Paulo,Sim,Sim,Sim,Sim,Sim,Entre 1000 e 3000 reais
102879,São Paulo,Sim,Sim,Sim,Sim,Sim,Entre 1000 e 3000 reais
102881,São Paulo,Sim,Sim,Sim,Sim,Sim,Entre 1000 e 3000 reais
102882,São Paulo,Sim,Sim,Sim,Sim,Sim,Entre 1000 e 3000 reais
102883,São Paulo,Sim,Sim,Sim,Sim,Sim,Entre 1000 e 3000 reais
102896,São Paulo,Sim,Sim,Sim,Sim,Sim,Renda abaixo de R$1000
102898,São Paulo,Sim,Sim,Sim,Sim,Sim,Entre 1000 e 3000 reais
102901,São Paulo,Sim,Sim,Sim,Sim,Sim,Entre 1000 e 3000 reais
102925,São Paulo,Sim,Sim,Sim,Sim,Sim,Renda abaixo de R$1000
102927,São Paulo,Sim,Sim,Sim,Sim,Sim,Entre 3000 e 20000 reais
102929,São Paulo,Sim,Sim,Sim,Sim,Sim,Entre 1000 e 3000 reais
102930,São Paulo,Sim,Sim,Sim,Sim,Sim,Renda abaixo de R$1000
102942,São Paulo,Sim,Sim,Sim,Sim,Sim,Renda abaixo de R$1000
102944,São Paulo,Sim,Sim,Sim,Sim,Sim,Renda abaixo de R$1000
102956,São Paulo,Sim,Sim,Sim,Sim,Sim,Entre 1000 e 3000 reais
102970,São Paulo,Sim,Sim,Sim,Sim,Sim,Entre 1000 e 3000 reais
102980,São Paulo,Sim,Sim,Sim,Sim,Sim,Renda abaixo de R$1000
102981,São Paulo,Sim,Sim,Sim,Sim,Sim,Entre 1000 e 3000 reais
102984,São Paulo,Sim,Sim,Sim,Sim,Sim,Renda abaixo de R$1000
102988,São Paulo,Sim,Sim,Sim,Sim,Sim,Entre 1000 e 3000 reais
102995,São Paulo,Sim,Sim,Sim,Sim,Sim,Entre 1000 e 3000 reais
103015,São Paulo,Sim,Sim,Sim,Sim,Sim,Entre 1000 e 3000 reais
103017,São Paulo,Sim,Sim,Sim,Sim,Sim,Entre 3000 e 20000 reais
103028,São Paulo,Sim,Sim,Sim,Sim,Sim,Entre 1000 e 3000 reais
103038,São Paulo,Sim,Sim,Sim,Sim,Sim,Entre 1000 e 3000 reais
103068,São Paulo,Sim,Sim,Sim,Sim,Sim,Entre 1000 e 3000 reais
103070,São Paulo,Sim,Sim,Sim,Sim,Sim,Renda abaixo de R$1000
103097,São Paulo,Sim,Sim,Sim,Sim,Sim,Entre 1000 e 3000 reais
103098,São Paulo,Sim,Sim,Sim,Sim,Sim,Renda abaixo de R$1000
103107,São Paulo,Sim,Sim,Sim,Sim,Sim,Renda abaixo de R$1000
103108,São Paulo,Sim,Sim,Sim,Sim,Sim,Renda abaixo de R$1000
103125,São Paulo,Sim,Sim,Sim,Sim,Sim,Entre 1000 e 3000 reais
103133,São Paulo,Sim,Sim,Sim,Sim,Sim,Renda abaixo de R$1000
103136,São Paulo,Sim,Sim,Sim,Sim,Sim,Entre 1000 e 3000 reais
103139,São Paulo,Sim,Sim,Sim,Sim,Sim,Entre 1000 e 3000 reais
103145,São Paulo,Sim,Sim,Sim,Sim,Sim,Entre 1000 e 3000 reais
103146,São Paulo,Sim,Sim,Sim,Sim,Sim,Entre 3000 e 20000 reais
103163,São Paulo,Sim,Sim,Sim,Sim,Sim,Entre 3000 e 20000 reais
103166,São Paulo,Sim,Sim,Sim,Sim,Sim,Entre 3000 e 20000 reais
103167,São Paulo,Sim,Sim,Sim,Sim,Sim,Entre 3000 e 20000 reais
103169,São Paulo,Sim,Sim,Sim,Sim,Sim,Entre 3000 e 20000 reais
103186,São Paulo,Sim,Sim,Sim,Sim,Sim,Entre 3000 e 20000 reais
103189,São Paulo,Sim,Sim,Sim,Sim,Sim,Entre 3000 e 20000 reais
103193,São Paulo,Sim,Sim,Sim,Sim,Sim,Entre 1000 e 3000 reais
103195,São Paulo,Sim,Sim,Sim,Sim,Sim,Entre 3000 e 20000 reais
103196,São Paulo,Sim,Sim,Sim,Sim,Sim,Entre 1000 e 3000 reais
103198,São Paulo,Sim,Sim,Sim,Sim,Sim,Renda abaixo de R$1000
103199,São Paulo,Sim,Sim,Sim,Sim,Sim,Renda abaixo de R$1000
103200,São Paulo,Sim,Sim,Sim,Sim,Sim,Entre 1000 e 3000 reais
103201,São Paulo,Sim,Sim,Sim,Sim,Sim,Entre 1000 e 3000 reais
103205,São Paulo,Sim,Sim,Sim,Sim,Sim,Renda abaixo de R$1000
103206,São Paulo,Sim,Sim,Sim,Sim,Sim,Entre 1000 e 3000 reais
103207,São Paulo,Sim,Sim,Sim,Sim,Sim,Entre 1000 e 3000 reais
103222,São Paulo,Sim,Sim,Sim,Sim,Sim,Renda abaixo de R$1000
103227,São Paulo,Sim,Sim,Sim,Sim,Sim,Entre 1000 e 3000 reais
103228,São Paulo,Sim,Sim,Sim,Sim,Sim,Entre 1000 e 3000 reais
103229,São Paulo,Sim,Sim,Sim,Sim,Sim,Entre 3000 e 20000 reais
103232,São Paulo,Sim,Sim,Sim,Sim,Sim,Renda abaixo de R$1000
103236,São Paulo,Sim,Sim,Sim,Sim,Sim,Entre 1000 e 3000 reais
103285,São Paulo,Sim,Sim,Sim,Sim,Sim,Renda abaixo de R$1000
103332,São Paulo,Sim,Sim,Sim,Sim,Sim,Renda abaixo de R$1000
103388,São Paulo,Sim,Sim,Sim,Sim,Sim,Renda abaixo de R$1000
103393,São Paulo,Sim,Sim,Sim,Sim,Sim,Entre 1000 e 3000 reais
103460,São Paulo,Sim,Sim,Sim,Sim,Sim,Entre 3000 e 20000 reais
103463,São Paulo,Sim,Sim,Sim,Sim,Sim,Entre 3000 e 20000 reais
103475,São Paulo,Sim,Sim,Sim,Sim,Sim,Entre 3000 e 20000 reais
103476,São Paulo,Sim,Sim,Sim,Sim,Sim,Entre 1000 e 3000 reais
103486,São Paulo,Sim,Sim,Sim,Sim,Sim,Entre 3000 e 20000 reais
103489,São Paulo,Sim,Sim,Sim,Sim,Sim,Entre 3000 e 20000 reais
103492,São Paulo,Sim,Sim,Sim,Sim,Sim,Entre 1000 e 3000 reais
103493,São Paulo,Sim,Sim,Sim,Sim,Sim,Entre 3000 e 20000 reais
103496,São Paulo,Sim,Sim,Sim,Sim,Sim,Entre 1000 e 3000 reais
103499,São Paulo,Sim,Sim,Sim,Sim,Sim,Entre 1000 e 3000 reais
103502,São Paulo,Sim,Sim,Sim,Sim,Sim,Entre 3000 e 20000 reais
103503,São Paulo,Sim,Sim,Sim,Sim,Sim,Entre 1000 e 3000 reais
103505,São Paulo,Sim,Sim,Sim,Sim,Sim,Entre 1000 e 3000 reais
103506,São Paulo,Sim,Sim,Sim,Sim,Sim,Entre 1000 e 3000 reais
103524,São Paulo,Sim,Sim,Sim,Sim,Sim,Entre 1000 e 3000 reais
103537,São Paulo,Sim,Sim,Sim,Sim,Sim,Entre 3000 e 20000 reais
103541,São Paulo,Sim,Sim,Sim,Sim,Sim,Renda abaixo de R$1000
103544,São Paulo,Sim,Sim,Sim,Sim,Sim,Entre 3000 e 20000 reais
103545,São Paulo,Sim,Sim,Sim,Sim,Sim,Entre 1000 e 3000 reais
103546,São Paulo,Sim,Sim,Sim,Sim,Sim,Entre 3000 e 20000 reais
103548,São Paulo,Sim,Sim,Sim,Sim,Sim,Entre 1000 e 3000 reais
103549,São Paulo,Sim,Sim,Sim,Sim,Sim,Entre 3000 e 20000 reais
103551,São Paulo,Sim,Sim,Sim,Sim,Sim,Entre 1000 e 3000 reais
103555,São Paulo,Sim,Sim,Sim,Sim,Sim,Entre 1000 e 3000 reais
103560,São Paulo,Sim,Sim,Sim,Sim,Sim,Renda abaixo de R$1000
103561,São Paulo,Sim,Sim,Sim,Sim,Sim,Entre 1000 e 3000 reais
103563,São Paulo,Sim,Sim,Sim,Sim,Sim,Entre 1000 e 3000 reais
103568,São Paulo,Sim,Sim,Sim,Sim,Sim,Renda abaixo de R$1000
103570,São Paulo,Sim,Sim,Sim,Sim,Sim,Entre 3000 e 20000 reais
103572,São Paulo,Sim,Sim,Sim,Sim,Sim,Entre 1000 e 3000 reais
103575,São Paulo,Sim,Sim,Sim,Sim,Sim,Renda abaixo de R$1000
103577,São Paulo,Sim,Sim,Sim,Sim,Sim,Entre 3000 e 20000 reais
103585,São Paulo,Sim,Sim,Sim,Sim,Sim,Entre 1000 e 3000 reais
103587,São Paulo,Sim,Sim,Sim,Sim,Sim,Renda abaixo de R$1000
103590,São Paulo,Sim,Sim,Sim,Sim,Sim,Entre 3000 e 20000 reais
103594,São Paulo,Sim,Sim,Sim,Sim,Sim,Entre 1000 e 3000 reais
103595,São Paulo,Sim,Sim,Sim,Sim,Sim,Entre 3000 e 20000 reais
103596,São Paulo,Sim,Sim,Sim,Sim,Sim,Entre 3000 e 20000 reais
103597,São Paulo,Sim,Sim,Sim,Sim,Sim,Entre 3000 e 20000 reais
103600,São Paulo,Sim,Sim,Sim,Sim,Sim,Entre 1000 e 3000 reais
103609,São Paulo,Sim,Sim,Sim,Sim,Sim,Renda abaixo de R$1000
103618,São Paulo,Sim,Sim,Sim,Sim,Sim,Renda abaixo de R$1000
103619,São Paulo,Sim,Sim,Sim,Sim,Sim,Entre 1000 e 3000 reais
103640,São Paulo,Sim,Sim,Sim,Sim,Sim,Entre 1000 e 3000 reais
103645,São Paulo,Sim,Sim,Sim,Sim,Sim,Entre 1000 e 3000 reais
103650,São Paulo,Sim,Sim,Sim,Sim,Sim,Renda abaixo de R$1000
103652,São Paulo,Sim,Sim,Sim,Sim,Sim,Entre 1000 e 3000 reais
103687,São Paulo,Sim,Sim,Sim,Sim,Sim,Entre 1000 e 3000 reais
103692,São Paulo,Sim,Sim,Sim,Sim,Sim,Renda abaixo de R$1000
103837,São Paulo,Sim,Sim,Sim,Sim,Sim,Entre 3000 e 20000 reais
103839,São Paulo,Sim,Sim,Sim,Sim,Sim,Renda abaixo de R$1000
103842,São Paulo,Sim,Sim,Sim,Sim,Sim,Entre 3000 e 20000 reais
103845,São Paulo,Sim,Sim,Sim,Sim,Sim,Entre 3000 e 20000 reais
103846,São Paulo,Sim,Sim,Sim,Sim,Sim,Entre 3000 e 20000 reais
103847,São Paulo,Sim,Sim,Sim,Sim,Sim,Entre 3000 e 20000 reais
103848,São Paulo,Sim,Sim,Sim,Sim,Sim,Entre 1000 e 3000 reais
103850,São Paulo,Sim,Sim,Sim,Sim,Sim,Acima de 20000 reais
103856,São Paulo,Sim,Sim,Sim,Sim,Sim,Entre 1000 e 3000 reais
103857,São Paulo,Sim,Sim,Sim,Sim,Sim,Entre 3000 e 20000 reais
103858,São Paulo,Sim,Sim,Sim,Sim,Sim,Entre 3000 e 20000 reais
103862,São Paulo,Sim,Sim,Sim,Sim,Sim,Entre 1000 e 3000 reais
103864,São Paulo,Sim,Sim,Sim,Sim,Sim,Entre 3000 e 20000 reais
103867,São Paulo,Sim,Sim,Sim,Sim,Sim,Entre 3000 e 20000 reais
103868,São Paulo,Sim,Sim,Sim,Sim,Sim,Entre 1000 e 3000 reais
103870,São Paulo,Sim,Sim,Sim,Sim,Sim,Entre 3000 e 20000 reais
103879,São Paulo,Sim,Sim,Sim,Sim,Sim,Entre 3000 e 20000 reais
103882,São Paulo,Sim,Sim,Sim,Sim,Sim,Entre 3000 e 20000 reais
103938,São Paulo,Sim,Sim,Sim,Sim,Sim,Entre 1000 e 3000 reais
103940,São Paulo,Sim,Sim,Sim,Sim,Sim,Renda abaixo de R$1000
103941,São Paulo,Sim,Sim,Sim,Sim,Sim,Entre 1000 e 3000 reais
103953,São Paulo,Sim,Sim,Sim,Sim,Sim,Renda abaixo de R$1000
103957,São Paulo,Sim,Sim,Sim,Sim,Sim,Entre 3000 e 20000 reais
103958,São Paulo,Sim,Sim,Sim,Sim,Sim,Entre 1000 e 3000 reais
103965,São Paulo,Sim,Sim,Sim,Sim,Sim,Renda abaixo de R$1000
103966,São Paulo,Sim,Sim,Sim,Sim,Sim,Entre 3000 e 20000 reais
103968,São Paulo,Sim,Sim,Sim,Sim,Sim,Entre 1000 e 3000 reais
103971,São Paulo,Sim,Sim,Sim,Sim,Sim,Entre 1000 e 3000 reais
103973,São Paulo,Sim,Sim,Sim,Sim,Sim,Entre 3000 e 20000 reais
103978,São Paulo,Sim,Sim,Sim,Sim,Sim,Entre 1000 e 3000 reais
103979,São Paulo,Sim,Sim,Sim,Sim,Sim,Entre 3000 e 20000 reais
103981,São Paulo,Sim,Sim,Sim,Sim,Sim,Entre 1000 e 3000 reais
103986,São Paulo,Sim,Sim,Sim,Sim,Sim,Entre 3000 e 20000 reais
103991,São Paulo,Sim,Sim,Sim,Sim,Sim,Acima de 20000 reais
103992,São Paulo,Sim,Sim,Sim,Sim,Sim,Entre 3000 e 20000 reais
104001,São Paulo,Sim,Sim,Sim,Sim,Sim,Entre 3000 e 20000 reais
104004,São Paulo,Sim,Sim,Sim,Sim,Sim,Entre 3000 e 20000 reais
104009,São Paulo,Sim,Sim,Sim,Sim,Sim,Entre 3000 e 20000 reais
104011,São Paulo,Sim,Sim,Sim,Sim,Sim,Entre 3000 e 20000 reais
104014,São Paulo,Sim,Sim,Sim,Sim,Sim,Entre 3000 e 20000 reais
104016,São Paulo,Sim,Sim,Sim,Sim,Sim,Entre 3000 e 20000 reais
104017,São Paulo,Sim,Sim,Sim,Sim,Sim,Entre 3000 e 20000 reais
104018,São Paulo,Sim,Sim,Sim,Sim,Sim,Entre 3000 e 20000 reais
104020,São Paulo,Sim,Sim,Sim,Sim,Sim,Entre 3000 e 20000 reais
104024,São Paulo,Sim,Sim,Sim,Sim,Sim,Entre 3000 e 20000 reais
104025,São Paulo,Sim,Sim,Sim,Sim,Sim,Entre 3000 e 20000 reais
104037,São Paulo,Sim,Sim,Sim,Sim,Sim,Renda abaixo de R$1000
104041,São Paulo,Sim,Sim,Sim,Sim,Sim,Entre 1000 e 3000 reais
104045,São Paulo,Sim,Sim,Sim,Sim,Sim,Renda abaixo de R$1000
104050,São Paulo,Sim,Sim,Sim,Sim,Sim,Entre 1000 e 3000 reais
104054,São Paulo,Sim,Sim,Sim,Sim,Sim,Renda abaixo de R$1000
104057,São Paulo,Sim,Sim,Sim,Sim,Sim,Renda abaixo de R$1000
104086,São Paulo,Sim,Sim,Sim,Sim,Sim,Renda abaixo de R$1000
104091,São Paulo,Sim,Sim,Sim,Sim,Sim,Renda abaixo de R$1000
104097,São Paulo,Sim,Sim,Sim,Sim,Sim,Renda abaixo de R$1000
104101,São Paulo,Sim,Sim,Sim,Sim,Sim,Renda abaixo de R$1000
104134,São Paulo,Sim,Sim,Sim,Sim,Sim,Entre 3000 e 20000 reais
104139,São Paulo,Sim,Sim,Sim,Sim,Sim,Entre 1000 e 3000 reais
104140,São Paulo,Sim,Sim,Sim,Sim,Sim,Entre 1000 e 3000 reais
104144,São Paulo,Sim,Sim,Sim,Sim,Sim,Entre 3000 e 20000 reais
104145,São Paulo,Sim,Sim,Sim,Sim,Sim,Entre 1000 e 3000 reais
104146,São Paulo,Sim,Sim,Sim,Sim,Sim,Entre 1000 e 3000 reais
104147,São Paulo,Sim,Sim,Sim,Sim,Sim,Renda abaixo de R$1000
104149,São Paulo,Sim,Sim,Sim,Sim,Sim,Entre 1000 e 3000 reais
104164,São Paulo,Sim,Sim,Sim,Sim,Sim,Entre 1000 e 3000 reais
104185,São Paulo,Sim,Sim,Sim,Sim,Sim,Entre 1000 e 3000 reais
104204,São Paulo,Sim,Sim,Sim,Sim,Sim,Entre 1000 e 3000 reais
104243,São Paulo,Sim,Sim,Sim,Sim,Sim,Entre 3000 e 20000 reais
104246,São Paulo,Sim,Sim,Sim,Sim,Sim,Entre 1000 e 3000 reais
104250,São Paulo,Sim,Sim,Sim,Sim,Sim,Acima de 20000 reais
104251,São Paulo,Sim,Sim,Sim,Sim,Sim,Entre 3000 e 20000 reais
104254,São Paulo,Sim,Sim,Sim,Sim,Sim,Entre 1000 e 3000 reais
104255,São Paulo,Sim,Sim,Sim,Sim,Sim,Entre 3000 e 20000 reais
104256,São Paulo,Sim,Sim,Sim,Sim,Sim,Entre 3000 e 20000 reais
104257,São Paulo,Sim,Sim,Sim,Sim,Sim,Entre 3000 e 20000 reais
104322,São Paulo,Sim,Sim,Sim,Sim,Sim,Entre 1000 e 3000 reais
104325,São Paulo,Sim,Sim,Sim,Sim,Sim,Entre 3000 e 20000 reais
104329,São Paulo,Sim,Sim,Sim,Sim,Sim,Entre 1000 e 3000 reais
104331,São Paulo,Sim,Sim,Sim,Sim,Sim,Entre 1000 e 3000 reais
104332,São Paulo,Sim,Sim,Sim,Sim,Sim,Renda abaixo de R$1000
104334,São Paulo,Sim,Sim,Sim,Sim,Sim,Entre 1000 e 3000 reais
104335,São Paulo,Sim,Sim,Sim,Sim,Sim,Entre 1000 e 3000 reais
104337,São Paulo,Sim,Sim,Sim,Sim,Sim,Entre 3000 e 20000 reais
104338,São Paulo,Sim,Sim,Sim,Sim,Sim,Entre 3000 e 20000 reais
104339,São Paulo,Sim,Sim,Sim,Sim,Sim,Entre 3000 e 20000 reais
104340,São Paulo,Sim,Sim,Sim,Sim,Sim,Entre 3000 e 20000 reais
104341,São Paulo,Sim,Sim,Sim,Sim,Sim,Entre 3000 e 20000 reais
104342,São Paulo,Sim,Sim,Sim,Sim,Sim,Entre 3000 e 20000 reais
104343,São Paulo,Sim,Sim,Sim,Sim,Sim,Entre 1000 e 3000 reais
104346,São Paulo,Sim,Sim,Sim,Sim,Sim,Entre 3000 e 20000 reais
104347,São Paulo,Sim,Sim,Sim,Sim,Sim,Entre 3000 e 20000 reais
104366,São Paulo,Sim,Sim,Sim,Sim,Sim,Renda abaixo de R$1000
104375,São Paulo,Sim,Sim,Sim,Sim,Sim,Renda abaixo de R$1000
104386,São Paulo,Sim,Sim,Sim,Sim,Sim,Entre 1000 e 3000 reais
104389,São Paulo,Sim,Sim,Sim,Sim,Sim,Entre 1000 e 3000 reais
104402,São Paulo,Sim,Sim,Sim,Sim,Sim,Entre 1000 e 3000 reais
104425,São Paulo,Sim,Sim,Sim,Sim,Sim,Renda abaixo de R$1000
104438,São Paulo,Sim,Sim,Sim,Sim,Sim,Entre 1000 e 3000 reais
104462,São Paulo,Sim,Sim,Sim,Sim,Sim,Entre 1000 e 3000 reais
104531,São Paulo,Sim,Sim,Sim,Sim,Sim,Entre 1000 e 3000 reais
104593,São Paulo,Sim,Sim,Sim,Sim,Sim,Entre 3000 e 20000 reais
104610,São Paulo,Sim,Sim,Sim,Sim,Sim,Entre 3000 e 20000 reais
104612,São Paulo,Sim,Sim,Sim,Sim,Sim,Entre 3000 e 20000 reais
104614,São Paulo,Sim,Sim,Sim,Sim,Sim,Entre 3000 e 20000 reais
104615,São Paulo,Sim,Sim,Sim,Sim,Sim,Acima de 20000 reais
104617,São Paulo,Sim,Sim,Sim,Sim,Sim,Entre 3000 e 20000 reais
104618,São Paulo,Sim,Sim,Sim,Sim,Sim,Entre 3000 e 20000 reais
104620,São Paulo,Sim,Sim,Sim,Sim,Sim,Entre 3000 e 20000 reais
104621,São Paulo,Sim,Sim,Sim,Sim,Sim,Entre 3000 e 20000 reais
104622,São Paulo,Sim,Sim,Sim,Sim,Sim,Entre 1000 e 3000 reais
104624,São Paulo,Sim,Sim,Sim,Sim,Sim,Entre 3000 e 20000 reais
104627,São Paulo,Sim,Sim,Sim,Sim,Sim,Entre 3000 e 20000 reais
104630,São Paulo,Sim,Sim,Sim,Sim,Sim,Renda abaixo de R$1000
104633,São Paulo,Sim,Sim,Sim,Sim,Sim,Entre 1000 e 3000 reais
104634,São Paulo,Sim,Sim,Sim,Sim,Sim,Entre 3000 e 20000 reais
104641,São Paulo,Sim,Sim,Sim,Sim,Sim,Entre 3000 e 20000 reais
104650,São Paulo,Sim,Sim,Sim,Sim,Sim,Entre 3000 e 20000 reais
104652,São Paulo,Sim,Sim,Sim,Sim,Sim,Entre 3000 e 20000 reais
104654,São Paulo,Sim,Sim,Sim,Sim,Sim,Renda abaixo de R$1000
104655,São Paulo,Sim,Sim,Sim,Sim,Sim,Entre 3000 e 20000 reais
104673,São Paulo,Sim,Sim,Sim,Sim,Sim,Renda abaixo de R$1000
104686,São Paulo,Sim,Sim,Sim,Sim,Sim,Entre 1000 e 3000 reais
104702,São Paulo,Sim,Sim,Sim,Sim,Sim,Renda abaixo de R$1000
104704,São Paulo,Sim,Sim,Sim,Sim,Sim,Renda abaixo de R$1000
104709,São Paulo,Sim,Sim,Sim,Sim,Sim,Entre 1000 e 3000 reais
104711,São Paulo,Sim,Sim,Sim,Sim,Sim,Entre 1000 e 3000 reais
104713,São Paulo,Sim,Sim,Sim,Sim,Sim,Entre 3000 e 20000 reais
104714,São Paulo,Sim,Sim,Sim,Sim,Sim,Entre 1000 e 3000 reais
104739,São Paulo,Sim,Sim,Sim,Sim,Sim,Entre 1000 e 3000 reais
104740,São Paulo,Sim,Sim,Sim,Sim,Sim,Entre 3000 e 20000 reais
104744,São Paulo,Sim,Sim,Sim,Sim,Sim,Entre 1000 e 3000 reais
104748,São Paulo,Sim,Sim,Sim,Sim,Sim,Entre 1000 e 3000 reais
104749,São Paulo,Sim,Sim,Sim,Sim,Sim,Entre 1000 e 3000 reais
104752,São Paulo,Sim,Sim,Sim,Sim,Sim,Entre 1000 e 3000 reais
104758,São Paulo,Sim,Sim,Sim,Sim,Sim,Entre 1000 e 3000 reais
104760,São Paulo,Sim,Sim,Sim,Sim,Sim,Entre 1000 e 3000 reais
104771,São Paulo,Sim,Sim,Sim,Sim,Sim,Entre 1000 e 3000 reais
104773,São Paulo,Sim,Sim,Sim,Sim,Sim,Renda abaixo de R$1000
104776,São Paulo,Sim,Sim,Sim,Sim,Sim,Renda abaixo de R$1000
104784,São Paulo,Sim,Sim,Sim,Sim,Sim,Renda abaixo de R$1000
104811,São Paulo,Sim,Sim,Sim,Sim,Sim,Entre 1000 e 3000 reais
104817,São Paulo,Sim,Sim,Sim,Sim,Sim,Entre 1000 e 3000 reais
104822,São Paulo,Sim,Sim,Sim,Sim,Sim,Entre 3000 e 20000 reais
104829,São Paulo,Sim,Sim,Sim,Sim,Sim,Entre 3000 e 20000 reais
104831,São Paulo,Sim,Sim,Sim,Sim,Sim,Entre 3000 e 20000 reais
104833,São Paulo,Sim,Sim,Sim,Sim,Sim,Entre 3000 e 20000 reais
104834,São Paulo,Sim,Sim,Sim,Sim,Sim,Entre 3000 e 20000 reais
104846,São Paulo,Sim,Sim,Sim,Sim,Sim,Entre 3000 e 20000 reais
104847,São Paulo,Sim,Sim,Sim,Sim,Sim,Entre 3000 e 20000 reais
104857,São Paulo,Sim,Sim,Sim,Sim,Sim,Entre 3000 e 20000 reais
104864,São Paulo,Sim,Sim,Sim,Sim,Sim,Entre 1000 e 3000 reais
104870,São Paulo,Sim,Sim,Sim,Sim,Sim,Entre 1000 e 3000 reais
104871,São Paulo,Sim,Sim,Sim,Sim,Sim,Entre 3000 e 20000 reais
104891,São Paulo,Sim,Sim,Sim,Sim,Sim,Entre 3000 e 20000 reais
104893,São Paulo,Sim,Sim,Sim,Sim,Sim,Entre 1000 e 3000 reais
104895,São Paulo,Sim,Sim,Sim,Sim,Sim,Renda abaixo de R$1000
104897,São Paulo,Sim,Sim,Sim,Sim,Sim,Entre 1000 e 3000 reais
104899,São Paulo,Sim,Sim,Sim,Sim,Sim,Entre 3000 e 20000 reais
104900,São Paulo,Sim,Sim,Sim,Sim,Sim,Entre 1000 e 3000 reais
104915,São Paulo,Sim,Sim,Sim,Sim,Sim,Entre 1000 e 3000 reais
104938,São Paulo,Sim,Sim,Sim,Sim,Sim,Entre 1000 e 3000 reais
104943,São Paulo,Sim,Sim,Sim,Sim,Sim,Entre 1000 e 3000 reais
104954,São Paulo,Sim,Sim,Sim,Sim,Sim,Renda abaixo de R$1000
104956,São Paulo,Sim,Sim,Sim,Sim,Sim,Entre 1000 e 3000 reais
104957,São Paulo,Sim,Sim,Sim,Sim,Sim,Entre 1000 e 3000 reais
104965,São Paulo,Sim,Sim,Sim,Sim,Sim,Entre 1000 e 3000 reais
104988,São Paulo,Sim,Sim,Sim,Sim,Sim,Entre 1000 e 3000 reais
104996,São Paulo,Sim,Sim,Sim,Sim,Sim,Entre 3000 e 20000 reais
105004,São Paulo,Sim,Sim,Sim,Sim,Sim,Entre 1000 e 3000 reais
105010,São Paulo,Sim,Sim,Sim,Sim,Sim,Entre 1000 e 3000 reais
105055,São Paulo,Sim,Sim,Sim,Sim,Sim,Entre 1000 e 3000 reais
105104,São Paulo,Sim,Sim,Sim,Sim,Sim,Renda abaixo de R$1000
105132,São Paulo,Sim,Sim,Sim,Sim,Sim,Entre 1000 e 3000 reais
105133,São Paulo,Sim,Sim,Sim,Sim,Sim,Renda abaixo de R$1000
105134,São Paulo,Sim,Sim,Sim,Sim,Sim,Renda abaixo de R$1000
105138,São Paulo,Sim,Sim,Sim,Sim,Sim,Renda abaixo de R$1000
105139,São Paulo,Sim,Sim,Sim,Sim,Sim,Entre 1000 e 3000 reais
105143,São Paulo,Sim,Sim,Sim,Sim,Sim,Renda abaixo de R$1000
105149,São Paulo,Sim,Sim,Sim,Sim,Sim,Renda abaixo de R$1000
105158,São Paulo,Sim,Sim,Sim,Sim,Sim,Entre 1000 e 3000 reais
105161,São Paulo,Sim,Sim,Sim,Sim,Sim,Entre 1000 e 3000 reais
105162,São Paulo,Sim,Sim,Sim,Sim,Sim,Renda abaixo de R$1000
105163,São Paulo,Sim,Sim,Sim,Sim,Sim,Entre 1000 e 3000 reais
105166,São Paulo,Sim,Sim,Sim,Sim,Sim,Renda abaixo de R$1000
105173,São Paulo,Sim,Sim,Sim,Sim,Sim,Entre 1000 e 3000 reais
105188,São Paulo,Sim,Sim,Sim,Sim,Sim,Entre 1000 e 3000 reais
105193,São Paulo,Sim,Sim,Sim,Sim,Sim,Entre 1000 e 3000 reais
105232,São Paulo,Sim,Sim,Sim,Sim,Sim,Entre 1000 e 3000 reais
105237,São Paulo,Sim,Sim,Sim,Sim,Sim,Entre 1000 e 3000 reais
105240,São Paulo,Sim,Sim,Sim,Sim,Sim,Entre 1000 e 3000 reais
105250,São Paulo,Sim,Sim,Sim,Sim,Sim,Entre 1000 e 3000 reais
105256,São Paulo,Sim,Sim,Sim,Sim,Sim,Entre 3000 e 20000 reais
105260,São Paulo,Sim,Sim,Sim,Sim,Sim,Entre 3000 e 20000 reais
105261,São Paulo,Sim,Sim,Sim,Sim,Sim,Entre 1000 e 3000 reais
105268,São Paulo,Sim,Sim,Sim,Sim,Sim,Entre 3000 e 20000 reais
105270,São Paulo,Sim,Sim,Sim,Sim,Sim,Entre 3000 e 20000 reais
105272,São Paulo,Sim,Sim,Sim,Sim,Sim,Entre 1000 e 3000 reais
105278,São Paulo,Sim,Sim,Sim,Sim,Sim,Entre 1000 e 3000 reais
105287,São Paulo,Sim,Sim,Sim,Sim,Sim,Entre 3000 e 20000 reais
105302,São Paulo,Sim,Sim,Sim,Sim,Sim,Renda abaixo de R$1000
105307,São Paulo,Sim,Sim,Sim,Sim,Sim,Entre 3000 e 20000 reais
105310,São Paulo,Sim,Sim,Sim,Sim,Sim,Entre 3000 e 20000 reais
105315,São Paulo,Sim,Sim,Sim,Sim,Sim,Entre 1000 e 3000 reais
105320,São Paulo,Sim,Sim,Sim,Sim,Sim,Entre 3000 e 20000 reais
105321,São Paulo,Sim,Sim,Sim,Sim,Sim,Entre 1000 e 3000 reais
105322,São Paulo,Sim,Sim,Sim,Sim,Sim,Entre 3000 e 20000 reais
105326,São Paulo,Sim,Sim,Sim,Sim,Sim,Acima de 20000 reais
105327,São Paulo,Sim,Sim,Sim,Sim,Sim,Acima de 20000 reais
105329,São Paulo,Sim,Sim,Sim,Sim,Sim,Entre 3000 e 20000 reais
105331,São Paulo,Sim,Sim,Sim,Sim,Sim,Entre 3000 e 20000 reais
105332,São Paulo,Sim,Sim,Sim,Sim,Sim,Entre 3000 e 20000 reais
105364,São Paulo,Sim,Sim,Sim,Sim,Sim,Entre 1000 e 3000 reais
105380,São Paulo,Sim,Sim,Sim,Sim,Sim,Entre 1000 e 3000 reais
105413,São Paulo,Sim,Sim,Sim,Sim,Sim,Entre 3000 e 20000 reais
105416,São Paulo,Sim,Sim,Sim,Sim,Sim,Renda abaixo de R$1000
105419,São Paulo,Sim,Sim,Sim,Sim,Sim,Entre 1000 e 3000 reais
105426,São Paulo,Sim,Sim,Sim,Sim,Sim,Entre 1000 e 3000 reais
105428,São Paulo,Sim,Sim,Sim,Sim,Sim,Renda abaixo de R$1000
105434,São Paulo,Sim,Sim,Sim,Sim,Sim,Renda abaixo de R$1000
105438,São Paulo,Sim,Sim,Sim,Sim,Sim,Entre 1000 e 3000 reais
105440,São Paulo,Sim,Sim,Sim,Sim,Sim,Entre 3000 e 20000 reais
105441,São Paulo,Sim,Sim,Sim,Sim,Sim,Entre 1000 e 3000 reais
105447,São Paulo,Sim,Sim,Sim,Sim,Sim,Entre 3000 e 20000 reais
105448,São Paulo,Sim,Sim,Sim,Sim,Sim,Entre 3000 e 20000 reais
105449,São Paulo,Sim,Sim,Sim,Sim,Sim,Entre 3000 e 20000 reais
105450,São Paulo,Sim,Sim,Sim,Sim,Sim,Entre 3000 e 20000 reais
105451,São Paulo,Sim,Sim,Sim,Sim,Sim,Entre 3000 e 20000 reais
105452,São Paulo,Sim,Sim,Sim,Sim,Sim,Entre 3000 e 20000 reais
105453,São Paulo,Sim,Sim,Sim,Sim,Sim,Entre 1000 e 3000 reais
105456,São Paulo,Sim,Sim,Sim,Sim,Sim,Entre 3000 e 20000 reais
105457,São Paulo,Sim,Sim,Sim,Sim,Sim,Entre 3000 e 20000 reais
105459,São Paulo,Sim,Sim,Sim,Sim,Sim,Entre 3000 e 20000 reais
105462,São Paulo,Sim,Sim,Sim,Sim,Sim,Entre 3000 e 20000 reais
105463,São Paulo,Sim,Sim,Sim,Sim,Sim,Entre 1000 e 3000 reais
105465,São Paulo,Sim,Sim,Sim,Sim,Sim,Entre 3000 e 20000 reais
105467,São Paulo,Sim,Sim,Sim,Sim,Sim,Entre 1000 e 3000 reais
105468,São Paulo,Sim,Sim,Sim,Sim,Sim,Renda abaixo de R$1000
105471,São Paulo,Sim,Sim,Sim,Sim,Sim,Entre 1000 e 3000 reais
105473,São Paulo,Sim,Sim,Sim,Sim,Sim,Entre 1000 e 3000 reais
105474,São Paulo,Sim,Sim,Sim,Sim,Sim,Entre 3000 e 20000 reais
105475,São Paulo,Sim,Sim,Sim,Sim,Sim,Entre 3000 e 20000 reais
105478,São Paulo,Sim,Sim,Sim,Sim,Sim,Entre 3000 e 20000 reais
105490,São Paulo,Sim,Sim,Sim,Sim,Sim,Entre 1000 e 3000 reais
105495,São Paulo,Sim,Sim,Sim,Sim,Sim,Entre 3000 e 20000 reais
105509,São Paulo,Sim,Sim,Sim,Sim,Sim,Entre 3000 e 20000 reais
105515,São Paulo,Sim,Sim,Sim,Sim,Sim,Entre 1000 e 3000 reais
105519,São Paulo,Sim,Sim,Sim,Sim,Sim,Entre 1000 e 3000 reais
105522,São Paulo,Sim,Sim,Sim,Sim,Sim,Renda abaixo de R$1000
105538,São Paulo,Sim,Sim,Sim,Sim,Sim,Entre 1000 e 3000 reais
105540,São Paulo,Sim,Sim,Sim,Sim,Sim,Renda abaixo de R$1000
105541,São Paulo,Sim,Sim,Sim,Sim,Sim,Entre 1000 e 3000 reais
105547,São Paulo,Sim,Sim,Sim,Sim,Sim,Renda abaixo de R$1000
105550,São Paulo,Sim,Sim,Sim,Sim,Sim,Renda abaixo de R$1000
105552,São Paulo,Sim,Sim,Sim,Sim,Sim,Renda abaixo de R$1000
105560,São Paulo,Sim,Sim,Sim,Sim,Sim,Entre 1000 e 3000 reais
105562,São Paulo,Sim,Sim,Sim,Sim,Sim,Renda abaixo de R$1000
105563,São Paulo,Sim,Sim,Sim,Sim,Sim,Renda abaixo de R$1000
105564,São Paulo,Sim,Sim,Sim,Sim,Sim,Renda abaixo de R$1000
105567,São Paulo,Sim,Sim,Sim,Sim,Sim,Entre 1000 e 3000 reais
105569,São Paulo,Sim,Sim,Sim,Sim,Sim,Entre 1000 e 3000 reais
105570,São Paulo,Sim,Sim,Sim,Sim,Sim,Entre 1000 e 3000 reais
105571,São Paulo,Sim,Sim,Sim,Sim,Sim,Entre 1000 e 3000 reais
105575,São Paulo,Sim,Sim,Sim,Sim,Sim,Renda abaixo de R$1000
105578,São Paulo,Sim,Sim,Sim,Sim,Sim,Renda abaixo de R$1000
105579,São Paulo,Sim,Sim,Sim,Sim,Sim,Entre 1000 e 3000 reais
105602,São Paulo,Sim,Sim,Sim,Sim,Sim,Entre 3000 e 20000 reais
105604,São Paulo,Sim,Sim,Sim,Sim,Sim,Entre 3000 e 20000 reais
105613,São Paulo,Sim,Sim,Sim,Sim,Sim,Entre 1000 e 3000 reais
105624,São Paulo,Sim,Sim,Sim,Sim,Sim,Entre 1000 e 3000 reais
105631,São Paulo,Sim,Sim,Sim,Sim,Sim,Entre 1000 e 3000 reais
105664,São Paulo,Sim,Sim,Sim,Sim,Sim,Entre 1000 e 3000 reais
105666,São Paulo,Sim,Sim,Sim,Sim,Sim,Entre 1000 e 3000 reais
105667,São Paulo,Sim,Sim,Sim,Sim,Sim,Entre 1000 e 3000 reais
105670,São Paulo,Sim,Sim,Sim,Sim,Sim,Entre 1000 e 3000 reais
105673,São Paulo,Sim,Sim,Sim,Sim,Sim,Entre 1000 e 3000 reais
105674,São Paulo,Sim,Sim,Sim,Sim,Sim,Entre 3000 e 20000 reais
105685,São Paulo,Sim,Sim,Sim,Sim,Sim,Entre 3000 e 20000 reais
105686,São Paulo,Sim,Sim,Sim,Sim,Sim,Entre 1000 e 3000 reais
105687,São Paulo,Sim,Sim,Sim,Sim,Sim,Entre 1000 e 3000 reais
105690,São Paulo,Sim,Sim,Sim,Sim,Sim,Renda abaixo de R$1000
105699,São Paulo,Sim,Sim,Sim,Sim,Sim,Entre 3000 e 20000 reais
105707,São Paulo,Sim,Sim,Sim,Sim,Sim,Entre 3000 e 20000 reais
105708,São Paulo,Sim,Sim,Sim,Sim,Sim,Entre 1000 e 3000 reais
105710,São Paulo,Sim,Sim,Sim,Sim,Sim,Entre 3000 e 20000 reais
105751,São Paulo,Sim,Sim,Sim,Sim,Sim,Acima de 20000 reais
105766,São Paulo,Sim,Sim,Sim,Sim,Sim,Entre 3000 e 20000 reais
105778,São Paulo,Sim,Sim,Sim,Sim,Sim,Entre 3000 e 20000 reais
105779,São Paulo,Sim,Sim,Sim,Sim,Sim,Entre 3000 e 20000 reais
105789,São Paulo,Sim,Sim,Sim,Sim,Sim,Entre 3000 e 20000 reais
105792,São Paulo,Sim,Sim,Sim,Sim,Sim,Entre 3000 e 20000 reais
105794,São Paulo,Sim,Sim,Sim,Sim,Sim,Entre 1000 e 3000 reais
105795,São Paulo,Sim,Sim,Sim,Sim,Sim,Renda abaixo de R$1000
105800,São Paulo,Sim,Sim,Sim,Sim,Sim,Renda abaixo de R$1000
105803,São Paulo,Sim,Sim,Sim,Sim,Sim,Renda abaixo de R$1000
105808,São Paulo,Sim,Sim,Sim,Sim,Sim,Entre 3000 e 20000 reais
105823,São Paulo,Sim,Sim,Sim,Sim,Sim,Renda abaixo de R$1000
105826,São Paulo,Sim,Sim,Sim,Sim,Sim,Entre 1000 e 3000 reais
105833,São Paulo,Sim,Sim,Sim,Sim,Sim,Entre 1000 e 3000 reais
105834,São Paulo,Sim,Sim,Sim,Sim,Sim,Entre 1000 e 3000 reais
105842,São Paulo,Sim,Sim,Sim,Sim,Sim,Entre 1000 e 3000 reais
105851,São Paulo,Sim,Sim,Sim,Sim,Sim,Entre 1000 e 3000 reais
105853,São Paulo,Sim,Sim,Sim,Sim,Sim,Entre 1000 e 3000 reais
105854,São Paulo,Sim,Sim,Sim,Sim,Sim,Renda abaixo de R$1000
105856,São Paulo,Sim,Sim,Sim,Sim,Sim,Renda abaixo de R$1000
105858,São Paulo,Sim,Sim,Sim,Sim,Sim,Renda abaixo de R$1000
105860,São Paulo,Sim,Sim,Sim,Sim,Sim,Entre 1000 e 3000 reais
105866,São Paulo,Sim,Sim,Sim,Sim,Sim,Renda abaixo de R$1000
105931,São Paulo,Sim,Sim,Sim,Sim,Sim,Renda abaixo de R$1000
105934,São Paulo,Sim,Sim,Sim,Sim,Sim,Renda abaixo de R$1000
105938,São Paulo,Sim,Sim,Sim,Sim,Sim,Entre 1000 e 3000 reais
105939,São Paulo,Sim,Sim,Sim,Sim,Sim,Renda abaixo de R$1000
105944,São Paulo,Sim,Sim,Sim,Sim,Sim,Renda abaixo de R$1000
105945,São Paulo,Sim,Sim,Sim,Sim,Sim,Renda abaixo de R$1000
105958,São Paulo,Sim,Sim,Sim,Sim,Sim,Renda abaixo de R$1000
105960,São Paulo,Sim,Sim,Sim,Sim,Sim,Entre 3000 e 20000 reais
105968,São Paulo,Sim,Sim,Sim,Sim,Sim,Entre 1000 e 3000 reais
105973,São Paulo,Sim,Sim,Sim,Sim,Sim,Entre 1000 e 3000 reais
106057,São Paulo,Sim,Sim,Sim,Sim,Sim,Entre 1000 e 3000 reais
106080,São Paulo,Sim,Sim,Sim,Sim,Sim,Entre 3000 e 20000 reais
106100,São Paulo,Sim,Sim,Sim,Sim,Sim,Renda abaixo de R$1000
106109,São Paulo,Sim,Sim,Sim,Sim,Sim,Renda abaixo de R$1000
106110,São Paulo,Sim,Sim,Sim,Sim,Sim,Entre 1000 e 3000 reais
106111,São Paulo,Sim,Sim,Sim,Sim,Sim,Renda abaixo de R$1000
106120,São Paulo,Sim,Sim,Sim,Sim,Sim,Renda abaixo de R$1000
106121,São Paulo,Sim,Sim,Sim,Sim,Sim,Renda abaixo de R$1000
106131,São Paulo,Sim,Sim,Sim,Sim,Sim,Entre 3000 e 20000 reais
106144,São Paulo,Sim,Sim,Sim,Sim,Sim,Entre 1000 e 3000 reais
106148,São Paulo,Sim,Sim,Sim,Sim,Sim,Entre 1000 e 3000 reais
106150,São Paulo,Sim,Sim,Sim,Sim,Sim,Entre 3000 e 20000 reais
106161,São Paulo,Sim,Sim,Sim,Sim,Sim,Entre 3000 e 20000 reais
106191,São Paulo,Sim,Sim,Sim,Sim,Sim,Entre 1000 e 3000 reais
106194,São Paulo,Sim,Sim,Sim,Sim,Sim,Entre 3000 e 20000 reais
106203,São Paulo,Sim,Sim,Sim,Sim,Sim,Renda abaixo de R$1000
106210,São Paulo,Sim,Sim,Sim,Sim,Sim,Entre 3000 e 20000 reais
106233,São Paulo,Sim,Sim,Sim,Sim,Sim,Entre 1000 e 3000 reais
106236,São Paulo,Sim,Sim,Sim,Sim,Sim,Entre 1000 e 3000 reais
106237,São Paulo,Sim,Sim,Sim,Sim,Sim,Entre 1000 e 3000 reais
106247,São Paulo,Sim,Sim,Sim,Sim,Sim,Entre 3000 e 20000 reais
106251,São Paulo,Sim,Sim,Sim,Sim,Sim,Entre 3000 e 20000 reais
106253,São Paulo,Sim,Sim,Sim,Sim,Sim,Entre 3000 e 20000 reais
106255,São Paulo,Sim,Sim,Sim,Sim,Sim,Entre 3000 e 20000 reais
106259,São Paulo,Sim,Sim,Sim,Sim,Sim,Entre 1000 e 3000 reais
106260,São Paulo,Sim,Sim,Sim,Sim,Sim,Entre 3000 e 20000 reais
106263,São Paulo,Sim,Sim,Sim,Sim,Sim,Entre 3000 e 20000 reais
106267,São Paulo,Sim,Sim,Sim,Sim,Sim,Entre 3000 e 20000 reais
106271,São Paulo,Sim,Sim,Sim,Sim,Sim,Entre 1000 e 3000 reais
106272,São Paulo,Sim,Sim,Sim,Sim,Sim,Entre 3000 e 20000 reais
106274,São Paulo,Sim,Sim,Sim,Sim,Sim,Entre 3000 e 20000 reais
106277,São Paulo,Sim,Sim,Sim,Sim,Sim,Entre 3000 e 20000 reais
106279,São Paulo,Sim,Sim,Sim,Sim,Sim,Entre 3000 e 20000 reais
106281,São Paulo,Sim,Sim,Sim,Sim,Sim,Entre 1000 e 3000 reais
106282,São Paulo,Sim,Sim,Sim,Sim,Sim,Renda abaixo de R$1000
106283,São Paulo,Sim,Sim,Sim,Sim,Sim,Entre 3000 e 20000 reais
106287,São Paulo,Sim,Sim,Sim,Sim,Sim,Renda abaixo de R$1000
106292,São Paulo,Sim,Sim,Sim,Sim,Sim,Entre 1000 e 3000 reais
106304,São Paulo,Sim,Sim,Sim,Sim,Sim,Entre 3000 e 20000 reais
106309,São Paulo,Sim,Sim,Sim,Sim,Sim,Entre 1000 e 3000 reais
106316,São Paulo,Sim,Sim,Sim,Sim,Sim,Renda abaixo de R$1000
106356,São Paulo,Sim,Sim,Sim,Sim,Sim,Entre 1000 e 3000 reais
106364,São Paulo,Sim,Sim,Sim,Sim,Sim,Entre 1000 e 3000 reais
106379,São Paulo,Sim,Sim,Sim,Sim,Sim,Entre 3000 e 20000 reais
106382,São Paulo,Sim,Sim,Sim,Sim,Sim,Entre 1000 e 3000 reais
106384,São Paulo,Sim,Sim,Sim,Sim,Sim,Entre 1000 e 3000 reais
106385,São Paulo,Sim,Sim,Sim,Sim,Sim,Entre 3000 e 20000 reais
106389,São Paulo,Sim,Sim,Sim,Sim,Sim,Renda abaixo de R$1000
106396,São Paulo,Sim,Sim,Sim,Sim,Sim,Renda abaixo de R$1000
106403,São Paulo,Sim,Sim,Sim,Sim,Sim,Entre 3000 e 20000 reais
106406,São Paulo,Sim,Sim,Sim,Sim,Sim,Acima de 20000 reais
106407,São Paulo,Sim,Sim,Sim,Sim,Sim,Entre 1000 e 3000 reais
106408,São Paulo,Sim,Sim,Sim,Sim,Sim,Entre 3000 e 20000 reais
106409,São Paulo,Sim,Sim,Sim,Sim,Sim,Entre 3000 e 20000 reais
106414,São Paulo,Sim,Sim,Sim,Sim,Sim,Entre 3000 e 20000 reais
106505,São Paulo,Sim,Sim,Sim,Sim,Sim,Renda abaixo de R$1000
106516,São Paulo,Sim,Sim,Sim,Sim,Sim,Entre 1000 e 3000 reais
106518,São Paulo,Sim,Sim,Sim,Sim,Sim,Entre 1000 e 3000 reais
106521,São Paulo,Sim,Sim,Sim,Sim,Sim,Entre 3000 e 20000 reais
106526,São Paulo,Sim,Sim,Sim,Sim,Sim,Renda abaixo de R$1000
106536,São Paulo,Sim,Sim,Sim,Sim,Sim,Entre 1000 e 3000 reais
106543,São Paulo,Sim,Sim,Sim,Sim,Sim,Entre 1000 e 3000 reais
106545,São Paulo,Sim,Sim,Sim,Sim,Sim,Entre 1000 e 3000 reais
106553,São Paulo,Sim,Sim,Sim,Sim,Sim,Entre 1000 e 3000 reais
106570,São Paulo,Sim,Sim,Sim,Sim,Sim,Entre 1000 e 3000 reais
106572,São Paulo,Sim,Sim,Sim,Sim,Sim,Entre 1000 e 3000 reais
106582,São Paulo,Sim,Sim,Sim,Sim,Sim,Renda abaixo de R$1000
106583,São Paulo,Sim,Sim,Sim,Sim,Sim,Renda abaixo de R$1000
106588,São Paulo,Sim,Sim,Sim,Sim,Sim,Renda abaixo de R$1000
106603,São Paulo,Sim,Sim,Sim,Sim,Sim,Renda abaixo de R$1000
106607,São Paulo,Sim,Sim,Sim,Sim,Sim,Renda abaixo de R$1000
106626,São Paulo,Sim,Sim,Sim,Sim,Sim,Entre 1000 e 3000 reais
106637,São Paulo,Sim,Sim,Sim,Sim,Sim,Entre 3000 e 20000 reais
106675,São Paulo,Sim,Sim,Sim,Sim,Sim,Renda abaixo de R$1000
106693,São Paulo,Sim,Sim,Sim,Sim,Sim,Entre 3000 e 20000 reais
106699,São Paulo,Sim,Sim,Sim,Sim,Sim,Renda abaixo de R$1000
106704,São Paulo,Sim,Sim,Sim,Sim,Sim,Entre 3000 e 20000 reais
106705,São Paulo,Sim,Sim,Sim,Sim,Sim,Entre 3000 e 20000 reais
106709,São Paulo,Sim,Sim,Sim,Sim,Sim,Entre 3000 e 20000 reais
106713,São Paulo,Sim,Sim,Sim,Sim,Sim,Entre 3000 e 20000 reais
106714,São Paulo,Sim,Sim,Sim,Sim,Sim,Entre 3000 e 20000 reais
106721,São Paulo,Sim,Sim,Sim,Sim,Sim,Entre 3000 e 20000 reais
106723,São Paulo,Sim,Sim,Sim,Sim,Sim,Entre 1000 e 3000 reais
106726,São Paulo,Sim,Sim,Sim,Sim,Sim,Entre 3000 e 20000 reais
106728,São Paulo,Sim,Sim,Sim,Sim,Sim,Entre 3000 e 20000 reais
106730,São Paulo,Sim,Sim,Sim,Sim,Sim,Entre 1000 e 3000 reais
106731,São Paulo,Sim,Sim,Sim,Sim,Sim,Entre 1000 e 3000 reais
106732,São Paulo,Sim,Sim,Sim,Sim,Sim,Entre 3000 e 20000 reais
106733,São Paulo,Sim,Sim,Sim,Sim,Sim,Renda abaixo de R$1000
106745,São Paulo,Sim,Sim,Sim,Sim,Sim,Entre 1000 e 3000 reais
106747,São Paulo,Sim,Sim,Sim,Sim,Sim,Acima de 20000 reais
106752,São Paulo,Sim,Sim,Sim,Sim,Sim,Entre 3000 e 20000 reais
106753,São Paulo,Sim,Sim,Sim,Sim,Sim,Entre 3000 e 20000 reais
106756,São Paulo,Sim,Sim,Sim,Sim,Sim,Acima de 20000 reais
106764,São Paulo,Sim,Sim,Sim,Sim,Sim,Renda abaixo de R$1000
106772,São Paulo,Sim,Sim,Sim,Sim,Sim,Renda abaixo de R$1000
106778,São Paulo,Sim,Sim,Sim,Sim,Sim,Entre 1000 e 3000 reais
106784,São Paulo,Sim,Sim,Sim,Sim,Sim,Renda abaixo de R$1000
106788,São Paulo,Sim,Sim,Sim,Sim,Sim,Renda abaixo de R$1000
106789,São Paulo,Sim,Sim,Sim,Sim,Sim,Entre 1000 e 3000 reais
106793,São Paulo,Sim,Sim,Sim,Sim,Sim,Renda abaixo de R$1000
106795,São Paulo,Sim,Sim,Sim,Sim,Sim,Entre 3000 e 20000 reais
106796,São Paulo,Sim,Sim,Sim,Sim,Sim,Entre 1000 e 3000 reais
106797,São Paulo,Sim,Sim,Sim,Sim,Sim,Entre 3000 e 20000 reais
106798,São Paulo,Sim,Sim,Sim,Sim,Sim,Renda abaixo de R$1000
106806,São Paulo,Sim,Sim,Sim,Sim,Sim,Entre 1000 e 3000 reais
106829,São Paulo,Sim,Sim,Sim,Sim,Sim,Entre 3000 e 20000 reais
106846,São Paulo,Sim,Sim,Sim,Sim,Sim,Entre 1000 e 3000 reais
106859,São Paulo,Sim,Sim,Sim,Sim,Sim,Entre 3000 e 20000 reais
106860,São Paulo,Sim,Sim,Sim,Sim,Sim,Entre 3000 e 20000 reais
106863,São Paulo,Sim,Sim,Sim,Sim,Sim,Entre 3000 e 20000 reais
106870,São Paulo,Sim,Sim,Sim,Sim,Sim,Entre 1000 e 3000 reais
106871,São Paulo,Sim,Sim,Sim,Sim,Sim,Renda abaixo de R$1000
106872,São Paulo,Sim,Sim,Sim,Sim,Sim,Entre 1000 e 3000 reais
106875,São Paulo,Sim,Sim,Sim,Sim,Sim,Entre 1000 e 3000 reais
106876,São Paulo,Sim,Sim,Sim,Sim,Sim,Renda abaixo de R$1000
106880,São Paulo,Sim,Sim,Sim,Sim,Sim,Entre 1000 e 3000 reais
106884,São Paulo,Sim,Sim,Sim,Sim,Sim,Entre 1000 e 3000 reais
106891,São Paulo,Sim,Sim,Sim,Sim,Sim,Entre 1000 e 3000 reais
106897,São Paulo,Sim,Sim,Sim,Sim,Sim,Entre 3000 e 20000 reais
106900,São Paulo,Sim,Sim,Sim,Sim,Sim,Entre 1000 e 3000 reais
106911,São Paulo,Sim,Sim,Sim,Sim,Sim,Entre 3000 e 20000 reais
106913,São Paulo,Sim,Sim,Sim,Sim,Sim,Renda abaixo de R$1000
106915,São Paulo,Sim,Sim,Sim,Sim,Sim,Entre 3000 e 20000 reais
106917,São Paulo,Sim,Sim,Sim,Sim,Sim,Entre 3000 e 20000 reais
106924,São Paulo,Sim,Sim,Sim,Sim,Sim,Entre 3000 e 20000 reais
106926,São Paulo,Sim,Sim,Sim,Sim,Sim,Entre 1000 e 3000 reais
106927,São Paulo,Sim,Sim,Sim,Sim,Sim,Entre 3000 e 20000 reais
106928,São Paulo,Sim,Sim,Sim,Sim,Sim,Entre 1000 e 3000 reais
106931,São Paulo,Sim,Sim,Sim,Sim,Sim,Entre 1000 e 3000 reais
106933,São Paulo,Sim,Sim,Sim,Sim,Sim,Entre 1000 e 3000 reais
106934,São Paulo,Sim,Sim,Sim,Sim,Sim,Entre 3000 e 20000 reais
106937,São Paulo,Sim,Sim,Sim,Sim,Sim,Entre 3000 e 20000 reais
106941,São Paulo,Sim,Sim,Sim,Sim,Sim,Renda abaixo de R$1000
106942,São Paulo,Sim,Sim,Sim,Sim,Sim,Entre 3000 e 20000 reais
106943,São Paulo,Sim,Sim,Sim,Sim,Sim,Entre 1000 e 3000 reais
106945,São Paulo,Sim,Sim,Sim,Sim,Sim,Entre 3000 e 20000 reais
106946,São Paulo,Sim,Sim,Sim,Sim,Sim,Renda abaixo de R$1000
106956,São Paulo,Sim,Sim,Sim,Sim,Sim,Entre 1000 e 3000 reais
106971,São Paulo,Sim,Sim,Sim,Sim,Sim,Entre 1000 e 3000 reais
106973,São Paulo,Sim,Sim,Sim,Sim,Sim,Entre 3000 e 20000 reais
106974,São Paulo,Sim,Sim,Sim,Sim,Sim,Renda abaixo de R$1000
106979,São Paulo,Sim,Sim,Sim,Sim,Sim,Entre 1000 e 3000 reais
107005,São Paulo,Sim,Sim,Sim,Sim,Sim,Entre 1000 e 3000 reais
107028,São Paulo,Sim,Sim,Sim,Sim,Sim,Entre 1000 e 3000 reais
107042,São Paulo,Sim,Sim,Sim,Sim,Sim,Renda abaixo de R$1000
107067,São Paulo,Sim,Sim,Sim,Sim,Sim,Entre 1000 e 3000 reais
107073,São Paulo,Sim,Sim,Sim,Sim,Sim,Entre 1000 e 3000 reais
107081,São Paulo,Sim,Sim,Sim,Sim,Sim,Entre 3000 e 20000 reais
107090,São Paulo,Sim,Sim,Sim,Sim,Sim,Entre 3000 e 20000 reais
107244,São Paulo,Sim,Sim,Sim,Sim,Sim,Entre 1000 e 3000 reais
107245,São Paulo,Sim,Sim,Sim,Sim,Sim,Entre 3000 e 20000 reais
107246,São Paulo,Sim,Sim,Sim,Sim,Sim,Entre 3000 e 20000 reais
107254,São Paulo,Sim,Sim,Sim,Sim,Sim,Entre 1000 e 3000 reais
107262,São Paulo,Sim,Sim,Sim,Sim,Sim,Renda abaixo de R$1000
107265,São Paulo,Sim,Sim,Sim,Sim,Sim,Entre 1000 e 3000 reais
107266,São Paulo,Sim,Sim,Sim,Sim,Sim,Renda abaixo de R$1000
107273,São Paulo,Sim,Sim,Sim,Sim,Sim,Entre 1000 e 3000 reais
107302,São Paulo,Sim,Sim,Sim,Sim,Sim,Entre 1000 e 3000 reais
107337,São Paulo,Sim,Sim,Sim,Sim,Sim,Entre 1000 e 3000 reais
107350,São Paulo,Sim,Sim,Sim,Sim,Sim,Entre 1000 e 3000 reais
107352,São Paulo,Sim,Sim,Sim,Sim,Sim,Renda abaixo de R$1000
107363,São Paulo,Sim,Sim,Sim,Sim,Sim,Renda abaixo de R$1000
107376,São Paulo,Sim,Sim,Sim,Sim,Sim,Entre 3000 e 20000 reais
107380,São Paulo,Sim,Sim,Sim,Sim,Sim,Entre 1000 e 3000 reais
107385,São Paulo,Sim,Sim,Sim,Sim,Sim,Entre 3000 e 20000 reais
107389,São Paulo,Sim,Sim,Sim,Sim,Sim,Entre 1000 e 3000 reais
107412,São Paulo,Sim,Sim,Sim,Sim,Sim,Renda abaixo de R$1000
107418,São Paulo,Sim,Sim,Sim,Sim,Sim,Entre 1000 e 3000 reais
107423,São Paulo,Sim,Sim,Sim,Sim,Sim,Entre 1000 e 3000 reais
107425,São Paulo,Sim,Sim,Sim,Sim,Sim,Entre 1000 e 3000 reais
107444,São Paulo,Sim,Sim,Sim,Sim,Sim,Entre 3000 e 20000 reais
107447,São Paulo,Sim,Sim,Sim,Sim,Sim,Entre 1000 e 3000 reais
107448,São Paulo,Sim,Sim,Sim,Sim,Sim,Entre 1000 e 3000 reais
107454,São Paulo,Sim,Sim,Sim,Sim,Sim,Entre 1000 e 3000 reais
107473,São Paulo,Sim,Sim,Sim,Sim,Sim,Renda abaixo de R$1000
107475,São Paulo,Sim,Sim,Sim,Sim,Sim,Renda abaixo de R$1000
107484,São Paulo,Sim,Sim,Sim,Sim,Sim,Renda abaixo de R$1000
107490,São Paulo,Sim,Sim,Sim,Sim,Sim,Entre 1000 e 3000 reais
107491,São Paulo,Sim,Sim,Sim,Sim,Sim,Renda abaixo de R$1000
107504,São Paulo,Sim,Sim,Sim,Sim,Sim,Renda abaixo de R$1000
107511,São Paulo,Sim,Sim,Sim,Sim,Sim,Entre 1000 e 3000 reais
107512,São Paulo,Sim,Sim,Sim,Sim,Sim,Renda abaixo de R$1000
107521,São Paulo,Sim,Sim,Sim,Sim,Sim,Entre 1000 e 3000 reais
107526,São Paulo,Sim,Sim,Sim,Sim,Sim,Renda abaixo de R$1000
107533,São Paulo,Sim,Sim,Sim,Sim,Sim,Entre 1000 e 3000 reais
107539,São Paulo,Sim,Sim,Sim,Sim,Sim,Entre 1000 e 3000 reais
107540,São Paulo,Sim,Sim,Sim,Sim,Sim,Entre 3000 e 20000 reais
107542,São Paulo,Sim,Sim,Sim,Sim,Sim,Renda abaixo de R$1000
107544,São Paulo,Sim,Sim,Sim,Sim,Sim,Entre 1000 e 3000 reais
107547,São Paulo,Sim,Sim,Sim,Sim,Sim,Renda abaixo de R$1000
107551,São Paulo,Sim,Sim,Sim,Sim,Sim,Entre 1000 e 3000 reais
107552,São Paulo,Sim,Sim,Sim,Sim,Sim,Renda abaixo de R$1000
107554,São Paulo,Sim,Sim,Sim,Sim,Sim,Entre 1000 e 3000 reais
107565,São Paulo,Sim,Sim,Sim,Sim,Sim,Entre 1000 e 3000 reais
107569,São Paulo,Sim,Sim,Sim,Sim,Sim,Entre 1000 e 3000 reais
107588,São Paulo,Sim,Sim,Sim,Sim,Sim,Entre 1000 e 3000 reais
107596,São Paulo,Sim,Sim,Sim,Sim,Sim,Entre 3000 e 20000 reais
107600,São Paulo,Sim,Sim,Sim,Sim,Sim,Entre 3000 e 20000 reais
107611,São Paulo,Sim,Sim,Sim,Sim,Sim,Renda abaixo de R$1000
107615,São Paulo,Sim,Sim,Sim,Sim,Sim,Renda abaixo de R$1000
107616,São Paulo,Sim,Sim,Sim,Sim,Sim,Entre 1000 e 3000 reais
107621,São Paulo,Sim,Sim,Sim,Sim,Sim,Entre 1000 e 3000 reais
107630,São Paulo,Sim,Sim,Sim,Sim,Sim,Renda abaixo de R$1000
107670,São Paulo,Sim,Sim,Sim,Sim,Sim,Renda abaixo de R$1000
107676,São Paulo,Sim,Sim,Sim,Sim,Sim,Entre 1000 e 3000 reais
107717,São Paulo,Sim,Sim,Sim,Sim,Sim,Renda abaixo de R$1000
107721,São Paulo,Sim,Sim,Sim,Sim,Sim,Renda abaixo de R$1000
107725,São Paulo,Sim,Sim,Sim,Sim,Sim,Entre 1000 e 3000 reais
107755,São Paulo,Sim,Sim,Sim,Sim,Sim,Renda abaixo de R$1000
107761,São Paulo,Sim,Sim,Sim,Sim,Sim,Renda abaixo de R$1000
107806,São Paulo,Sim,Sim,Sim,Sim,Sim,Entre 1000 e 3000 reais
107808,São Paulo,Sim,Sim,Sim,Sim,Sim,Renda abaixo de R$1000
107822,São Paulo,Sim,Sim,Sim,Sim,Sim,Renda abaixo de R$1000
107866,São Paulo,Sim,Sim,Sim,Sim,Sim,Renda abaixo de R$1000
107878,São Paulo,Sim,Sim,Sim,Sim,Sim,Entre 1000 e 3000 reais
107881,São Paulo,Sim,Sim,Sim,Sim,Sim,Entre 1000 e 3000 reais
107885,São Paulo,Sim,Sim,Sim,Sim,Sim,Renda abaixo de R$1000
107889,São Paulo,Sim,Sim,Sim,Sim,Sim,Renda abaixo de R$1000
107892,São Paulo,Sim,Sim,Sim,Sim,Sim,Renda abaixo de R$1000
107894,São Paulo,Sim,Sim,Sim,Sim,Sim,Renda abaixo de R$1000
107982,São Paulo,Sim,Sim,Sim,Sim,Sim,Entre 1000 e 3000 reais
107984,São Paulo,Sim,Sim,Sim,Sim,Sim,Renda abaixo de R$1000
108010,São Paulo,Sim,Sim,Sim,Sim,Sim,Entre 1000 e 3000 reais
108042,São Paulo,Sim,Sim,Sim,Sim,Sim,Entre 1000 e 3000 reais
108048,São Paulo,Sim,Sim,Sim,Sim,Sim,Entre 1000 e 3000 reais
108058,São Paulo,Sim,Sim,Sim,Sim,Sim,Renda abaixo de R$1000
108064,São Paulo,Sim,Sim,Sim,Sim,Sim,Renda abaixo de R$1000
108080,São Paulo,Sim,Sim,Sim,Sim,Sim,Entre 1000 e 3000 reais
108088,São Paulo,Sim,Sim,Sim,Sim,Sim,Entre 3000 e 20000 reais
108090,São Paulo,Sim,Sim,Sim,Sim,Sim,Renda abaixo de R$1000
108094,São Paulo,Sim,Sim,Sim,Sim,Sim,Renda abaixo de R$1000
108102,São Paulo,Sim,Sim,Sim,Sim,Sim,Renda abaixo de R$1000
108130,São Paulo,Sim,Sim,Sim,Sim,Sim,Renda abaixo de R$1000
108133,São Paulo,Sim,Sim,Sim,Sim,Sim,Entre 3000 e 20000 reais
108137,São Paulo,Sim,Sim,Sim,Sim,Sim,Entre 1000 e 3000 reais
108146,São Paulo,Sim,Sim,Sim,Sim,Sim,Entre 1000 e 3000 reais
108162,São Paulo,Sim,Sim,Sim,Sim,Sim,Renda abaixo de R$1000
108187,São Paulo,Sim,Sim,Sim,Sim,Sim,Entre 1000 e 3000 reais
108340,São Paulo,Sim,Sim,Sim,Sim,Sim,Renda abaixo de R$1000
108405,São Paulo,Sim,Sim,Sim,Sim,Sim,Entre 1000 e 3000 reais
108548,São Paulo,Sim,Sim,Sim,Sim,Sim,Renda abaixo de R$1000
108550,São Paulo,Sim,Sim,Sim,Sim,Sim,Renda abaixo de R$1000
108565,São Paulo,Sim,Sim,Sim,Sim,Sim,Entre 1000 e 3000 reais
108571,São Paulo,Sim,Sim,Sim,Sim,Sim,Entre 1000 e 3000 reais
108573,São Paulo,Sim,Sim,Sim,Sim,Sim,Entre 1000 e 3000 reais
108590,São Paulo,Sim,Sim,Sim,Sim,Sim,Entre 3000 e 20000 reais
